Date,Price,Change,% Change,Cumulative Change %
03/27/26,4.19,-0.52,-11.14,717.77
03/20/26,4.71,0.66,16.37,820.31
03/13/26,4.05,0.37,9.97,690.82
03/06/26,3.68,1.00,37.08,619.14
02/27/26,2.69,0.05,2.01,424.61
02/20/26,2.63,0.20,8.18,414.26
02/13/26,2.43,0.08,3.53,375.39
02/06/26,2.35,-0.13,-5.28,359.18
01/30/26,2.48,0.15,6.30,384.77
01/23/26,2.34,0.10,4.29,356.05
01/16/26,2.24,0.08,3.95,337.30
01/09/26,2.15,0.03,1.60,320.70
01/02/26,2.12,-0.02,-1.03,314.06
12/26/25,2.14,-0.03,-1.56,318.36
12/19/25,2.18,-0.08,-3.37,325.00
12/12/25,2.25,-0.17,-6.87,339.84
12/05/25,2.42,0.04,1.81,372.27
11/28/25,2.38,-0.12,-4.66,363.87
11/21/25,2.49,-0.09,-3.67,386.52
11/14/25,2.59,0.05,2.09,405.08
11/07/25,2.53,0.09,3.51,394.73
10/31/25,2.45,,,377.93
10/24/25,2.45,0.22,9.78,377.93
10/17/25,2.23,-0.02,-0.98,335.35
10/10/25,2.25,-0.04,-1.66,339.65
10/03/25,2.29,-0.19,-7.52,347.07
09/26/25,2.48,0.12,5.23,383.40
09/19/25,2.35,0.01,0.38,359.38
09/12/25,2.34,0.00,0.09,357.62
09/05/25,2.34,0.02,0.82,357.23
08/29/25,2.32,-0.04,-1.65,353.52
08/22/25,2.36,0.08,3.55,361.13
08/15/25,2.28,-0.04,-1.77,345.31
08/08/25,2.32,-0.02,-0.77,353.32
08/01/25,2.34,-0.11,-4.45,356.84
07/25/25,2.45,-0.06,-2.24,378.13
07/18/25,2.50,0.03,1.21,389.06
07/11/25,2.47,0.09,3.86,383.20
07/03/25,2.38,0.08,3.70,365.23
06/27/25,2.30,-0.26,-10.13,348.63
06/20/25,2.56,0.15,6.41,399.22
06/13/25,2.40,0.27,12.82,369.14
06/06/25,2.13,0.11,5.66,315.82
05/30/25,2.02,-0.09,-4.41,293.55
05/23/25,2.11,-0.03,-1.40,311.72
05/16/25,2.14,0.07,3.29,317.58
05/09/25,2.07,0.06,3.24,304.30
05/02/25,2.01,-0.17,-7.94,291.60
04/25/25,2.18,0.02,1.16,325.39
04/17/25,2.15,0.08,3.81,320.51
04/11/25,2.07,-0.03,-1.33,305.08
04/04/25,2.10,-0.17,-7.32,310.55
03/28/25,2.27,0.01,0.49,342.97
03/21/25,2.26,0.08,3.91,340.82
03/14/25,2.17,-0.07,-2.99,324.22
03/07/25,2.24,-0.11,-4.80,337.30
02/28/25,2.35,-0.09,-3.69,359.38
02/21/25,2.44,-0.05,-1.97,376.95
02/14/25,2.49,0.00,-0.20,386.52
02/07/25,2.50,0.04,1.71,387.50
01/31/25,2.45,-0.07,-2.97,379.30
01/24/25,2.53,-0.10,-3.80,393.95
01/17/25,2.63,0.13,5.12,413.48
01/10/25,2.50,0.15,6.34,388.48
01/03/25,2.35,0.13,6.09,359.38
12/27/24,2.22,0.00,0.05,333.01
12/20/24,2.22,-0.03,-1.42,332.81
12/13/24,2.25,0.14,6.59,339.06
12/06/24,2.11,-0.06,-2.59,311.91
11/29/24,2.17,-0.09,-4.03,322.85
11/22/24,2.26,0.10,4.54,340.62
11/15/24,2.16,-0.07,-3.14,321.48
11/08/24,2.23,0.00,-0.18,335.16
11/01/24,2.23,0.01,0.45,335.94
10/25/24,2.22,0.08,3.83,333.98
10/18/24,2.14,-0.19,-8.00,317.97
10/11/24,2.33,0.04,1.79,354.30
10/04/24,2.29,0.17,8.09,346.29
09/27/24,2.11,-0.03,-1.54,312.89
09/20/24,2.15,0.08,4.02,319.34
09/13/24,2.06,-0.02,-0.86,303.13
09/06/24,2.08,-0.13,-5.79,306.64
08/30/24,2.21,-0.07,-2.99,331.64
08/23/24,2.28,0.00,-0.22,344.92
08/16/24,2.28,-0.02,-0.74,345.90
08/09/24,2.30,0.01,0.44,349.22
08/02/24,2.29,-0.11,-4.62,347.27
07/26/24,2.40,,,368.95
07/19/24,2.40,-0.09,-3.65,368.95
07/12/24,2.49,-0.11,-4.15,386.72
07/05/24,2.60,0.09,3.75,407.81
06/28/24,2.51,0.04,1.62,389.45
06/21/24,2.47,0.02,0.69,381.64
06/14/24,2.45,0.11,4.66,378.32
06/07/24,2.34,-0.01,-0.34,357.03
05/31/24,2.35,-0.05,-2.21,358.59
05/24/24,2.40,-0.07,-2.91,368.95
05/17/24,2.47,0.05,2.15,383.01
05/10/24,2.42,-0.01,-0.41,372.85
05/03/24,2.43,-0.11,-4.29,374.80
04/26/24,2.54,0.01,0.24,396.09
04/19/24,2.53,-0.14,-5.16,394.92
04/12/24,2.67,-0.02,-0.63,421.88
04/05/24,2.69,0.08,3.15,425.20
03/28/24,2.61,-0.04,-1.51,409.18
03/22/24,2.65,-0.08,-2.76,416.99
03/15/24,2.72,0.07,2.56,431.64
03/08/24,2.65,-0.07,-2.64,418.36
03/01/24,2.73,0.04,1.53,432.42
02/23/24,2.69,-0.12,-4.35,424.41
02/16/24,2.81,-0.13,-4.56,448.24
02/09/24,2.94,0.26,9.90,474.41
02/02/24,2.68,-0.17,-6.01,422.66
01/26/24,2.85,0.18,6.91,456.05
01/19/24,2.66,-0.01,-0.37,420.12
01/12/24,2.67,0.06,2.18,422.07
01/05/24,2.62,0.08,3.36,410.94
12/29/23,2.53,-0.09,-3.51,394.34
12/22/23,2.62,0.01,0.54,412.30
12/15/23,2.61,-0.02,-0.57,409.57
12/08/23,2.62,-0.10,-3.64,412.50
12/01/23,2.72,-0.16,-5.55,431.84
11/24/23,2.88,0.05,1.91,463.09
11/17/23,2.83,0.02,0.53,452.54
11/10/23,2.81,-0.18,-6.04,449.61
11/03/23,3.00,-0.01,-0.47,484.96
10/27/23,3.01,-0.21,-6.52,487.70
10/20/23,3.22,-0.04,-1.20,528.71
10/13/23,3.26,0.30,10.03,536.33
10/06/23,2.96,-0.39,-11.66,478.32
09/29/23,3.35,0.01,0.42,554.69
09/22/23,3.34,-0.06,-1.79,551.95
09/15/23,3.40,0.08,2.32,563.87
09/08/23,3.32,0.21,6.82,548.83
09/01/23,3.11,-0.20,-6.16,507.42
08/25/23,3.31,0.17,5.27,547.27
08/18/23,3.15,0.03,1.09,514.84
08/11/23,3.11,0.05,1.70,508.20
08/04/23,3.06,0.11,3.80,498.05
07/28/23,2.95,0.21,7.62,476.17
07/21/23,2.74,0.15,5.63,435.35
07/14/23,2.60,0.03,1.17,406.84
07/07/23,2.57,0.09,3.51,400.98
06/30/23,2.48,0.04,1.60,383.98
06/23/23,2.44,-0.12,-4.84,376.37
06/16/23,2.56,0.19,8.05,400.59
06/09/23,2.37,0.00,-0.17,363.28
06/02/23,2.38,,,364.06
05/26/23,2.38,0.01,0.42,364.06
05/19/23,2.37,0.06,2.74,362.11
05/12/23,2.30,-0.02,-0.95,349.80
05/05/23,2.33,-0.05,-1.98,354.10
04/28/23,2.37,-0.12,-4.66,363.28
04/21/23,2.49,-0.17,-6.57,385.94
04/14/23,2.66,-0.04,-1.44,420.12
04/06/23,2.70,0.09,3.37,427.73
03/31/23,2.61,-0.10,-3.65,410.55
03/24/23,2.71,0.02,0.93,429.88
03/17/23,2.69,-0.10,-3.69,425.00
03/10/23,2.79,-0.13,-4.42,445.12
03/03/23,2.92,0.12,4.29,470.31
02/24/23,2.80,0.08,3.09,446.87
02/17/23,2.72,-0.16,-5.50,430.47
02/10/23,2.87,0.06,2.20,461.33
02/03/23,2.81,-0.45,-13.87,449.22
01/27/23,3.27,-0.24,-6.82,537.70
01/20/23,3.50,0.19,5.57,584.38
01/13/23,3.32,0.24,7.79,548.24
01/06/23,3.08,-0.23,-6.84,501.37
12/30/22,3.31,0.06,1.82,545.51
12/23/22,3.25,0.13,4.27,533.98
12/16/22,3.11,0.33,12.06,508.01
12/09/22,2.78,-0.42,-13.19,442.58
12/02/22,3.20,-0.18,-5.30,525.00
11/25/22,3.38,-0.44,-11.47,559.96
11/18/22,3.82,-0.96,-20.08,645.51
11/11/22,4.78,-0.03,-0.52,832.81
11/04/22,4.80,-0.07,-1.42,837.70
10/28/22,4.87,0.59,13.81,851.17
10/21/22,4.28,-0.46,-9.67,735.74
10/14/22,4.74,0.40,9.15,825.20
10/07/22,4.34,0.95,28.02,747.66
09/30/22,3.39,0.13,3.99,562.11
09/23/22,3.26,0.07,2.07,536.72
09/16/22,3.19,-0.41,-11.38,523.83
09/09/22,3.60,-0.06,-1.72,603.91
09/02/22,3.67,-0.34,-8.44,616.21
08/26/22,4.01,0.32,8.57,682.23
08/19/22,3.69,0.18,5.04,620.51
08/12/22,3.51,0.31,9.58,585.94
08/05/22,3.21,-0.40,-11.14,525.98
07/29/22,3.61,0.08,2.27,604.49
07/22/22,3.53,-0.26,-6.91,588.87
07/15/22,3.79,0.03,0.66,640.04
07/08/22,3.76,-0.26,-6.51,635.16
07/01/22,4.03,-0.34,-7.79,686.33
06/24/22,4.37,-0.07,-1.67,752.73
06/17/22,4.44,0.00,-0.11,767.19
06/10/22,4.45,0.02,0.52,768.16
06/03/22,4.42,0.40,9.95,763.67
05/27/22,4.02,0.02,0.45,685.55
05/20/22,4.00,-1.34,-25.00,682.03
05/13/22,5.34,0.57,11.98,942.77
05/06/22,4.77,0.14,3.11,831.25
04/29/22,4.62,0.52,12.75,803.13
04/22/22,4.10,0.10,2.58,700.98
04/14/22,4.00,0.39,10.72,680.86
04/08/22,3.61,0.20,5.96,605.27
04/01/22,3.41,-0.83,-19.62,565.62
03/25/22,4.24,0.50,13.40,728.13
03/18/22,3.74,0.16,4.50,630.27
03/11/22,3.58,-0.33,-8.44,598.83
03/04/22,3.91,1.04,36.07,663.28
02/25/22,2.87,0.07,2.50,460.94
02/18/22,2.80,-0.20,-6.76,447.27
02/11/22,3.01,0.14,5.03,486.91
02/04/22,2.86,0.08,2.80,458.79
01/28/22,2.78,0.09,3.50,443.55
01/21/22,2.69,0.04,1.36,425.20
01/14/22,2.65,0.16,6.29,418.16
01/07/22,2.50,0.17,7.26,387.50
12/31/21,2.33,0.00,-0.17,354.49
12/23/21,2.33,0.11,5.00,355.27
12/17/21,2.22,-0.04,-1.68,333.59
12/10/21,2.26,0.16,7.73,341.02
12/03/21,2.10,-0.28,-11.67,309.38
11/26/21,2.37,0.08,3.62,363.48
11/19/21,2.29,-0.12,-5.02,347.27
11/12/21,2.41,-0.04,-1.79,370.90
11/05/21,2.46,-0.03,-1.29,379.49
10/29/21,2.49,-0.07,-2.78,385.74
10/22/21,2.56,-0.03,-1.16,399.61
10/15/21,2.59,0.10,4.23,405.47
10/08/21,2.48,0.10,4.28,384.96
10/01/21,2.38,0.11,4.89,365.04
09/24/21,2.27,0.06,2.81,343.36
09/17/21,2.21,0.07,3.18,331.25
09/10/21,2.14,-0.02,-0.79,317.97
09/03/21,2.16,0.05,2.37,321.29
08/27/21,2.11,0.21,11.07,311.52
08/20/21,1.90,-0.17,-8.05,270.51
08/13/21,2.06,-0.01,-0.63,302.93
08/06/21,2.08,-0.11,-5.25,305.47
07/30/21,2.19,0.06,2.72,327.93
07/23/21,2.13,0.03,1.47,316.60
07/16/21,2.10,-0.05,-2.32,310.55
07/09/21,2.15,-0.03,-1.24,320.31
07/02/21,2.18,0.03,1.59,325.59
06/25/21,2.15,0.06,2.73,318.95
06/18/21,2.09,-0.03,-1.51,307.81
06/11/21,2.12,0.00,0.19,314.06
06/04/21,2.12,0.08,3.73,313.28
05/28/21,2.04,0.04,2.15,298.44
05/21/21,2.00,-0.05,-2.35,290.04
05/14/21,2.05,0.03,1.59,299.41
05/07/21,2.01,0.09,4.90,293.16
04/30/21,1.92,0.04,2.40,274.80
04/23/21,1.87,-0.02,-1.06,266.02
04/16/21,1.89,0.08,4.64,269.92
04/09/21,1.81,-0.01,-0.77,253.52
04/01/21,1.82,0.02,1.22,256.25
03/26/21,1.80,-0.02,-1.10,251.95
03/19/21,1.82,-0.14,-6.95,255.86
03/12/21,1.96,0.01,0.36,282.42
03/05/21,1.95,0.10,5.40,281.05
02/26/21,1.85,0.03,1.82,261.52
02/19/21,1.82,0.04,2.25,255.08
02/12/21,1.78,0.06,3.61,247.27
02/05/21,1.72,0.12,7.32,235.16
01/29/21,1.60,0.03,1.91,212.30
01/22/21,1.57,-0.02,-1.01,206.45
01/15/21,1.59,0.00,0.19,209.57
01/08/21,1.58,0.11,7.40,208.98
12/31/20,1.47,-0.02,-1.41,187.70
12/24/20,1.49,-0.02,-1.26,191.80
12/18/20,1.51,0.08,5.73,195.51
12/11/20,1.43,0.03,2.43,179.49
12/04/20,1.40,0.00,-0.29,172.85
11/27/20,1.40,0.11,8.77,173.63
11/20/20,1.29,0.09,7.24,151.56
11/13/20,1.20,0.06,4.89,134.57
11/06/20,1.15,0.06,5.14,123.63
10/30/20,1.09,-0.06,-5.47,112.70
10/23/20,1.15,-0.03,-2.62,125.00
10/16/20,1.18,-0.01,-0.92,131.05
10/09/20,1.19,0.11,9.74,133.20
10/02/20,1.09,-0.04,-3.46,112.50
09/25/20,1.13,-0.04,-3.76,120.12
09/18/20,1.17,0.08,7.73,128.71
09/11/20,1.09,-0.04,-3.46,112.30
09/04/20,1.13,-0.08,-6.48,119.92
08/28/20,1.20,0.00,0.08,135.16
08/21/20,1.20,-0.02,-1.72,134.96
08/14/20,1.22,0.01,0.82,139.06
08/07/20,1.21,0.00,-0.08,137.11
07/31/20,1.22,-0.05,-3.72,137.30
07/24/20,1.26,0.04,3.10,146.48
07/17/20,1.22,-0.01,-1.13,139.06
07/10/20,1.24,0.01,1.06,141.80
07/02/20,1.23,0.10,8.41,139.26
06/26/20,1.13,-0.08,-6.61,120.70
06/19/20,1.21,0.11,9.80,136.33
06/12/20,1.10,0.00,0.27,115.23
06/05/20,1.10,0.14,15.08,114.65
05/29/20,0.96,0.02,1.60,86.52
05/22/20,0.94,0.06,6.58,83.59
05/15/20,0.88,-0.01,-0.79,72.27
05/08/20,0.89,0.10,12.25,73.63
05/01/20,0.79,0.11,16.99,54.69
04/24/20,0.68,-0.29,-29.99,32.23
04/17/20,0.97,-0.03,-2.62,88.87
04/09/20,0.99,-0.12,-10.38,93.95
04/03/20,1.11,0.02,2.12,116.41
03/27/20,1.09,0.06,6.27,111.91
03/20/20,1.02,-0.15,-13.11,99.41
03/13/20,1.18,-0.23,-16.37,129.49
03/06/20,1.41,-0.08,-5.39,174.41
02/28/20,1.49,-0.20,-11.97,190.04
02/21/20,1.69,-0.01,-0.76,229.49
02/14/20,1.70,0.06,3.60,232.03
02/07/20,1.64,0.02,1.30,220.51
01/31/20,1.62,-0.11,-6.30,216.41
01/24/20,1.73,-0.13,-7.04,237.70
01/17/20,1.86,-0.07,-3.58,263.28
01/10/20,1.93,-0.12,-6.09,276.76
01/03/20,2.05,0.01,0.39,301.17
12/27/19,2.05,0.03,1.34,299.61
12/20/19,2.02,0.04,1.87,294.34
12/13/19,1.98,0.03,1.43,287.11
12/06/19,1.95,0.00,0.26,281.64
11/29/19,1.95,0.01,0.36,280.66
11/22/19,1.94,-0.02,-0.92,279.30
11/15/19,1.96,0.04,2.14,282.81
11/08/19,1.92,-0.01,-0.57,274.80
11/01/19,1.93,-0.05,-2.67,276.95
10/25/19,1.98,0.02,1.12,287.30
10/18/19,1.96,0.00,-0.25,283.01
10/11/19,1.97,0.06,3.36,283.98
10/04/19,1.90,-0.05,-2.36,271.48
09/27/19,1.95,-0.05,-2.60,280.47
09/20/19,2.00,0.11,5.65,290.63
09/13/19,1.89,,,269.73
09/06/19,1.89,0.07,3.67,269.73
08/30/19,1.83,0.01,0.77,256.64
08/23/19,1.81,0.00,0.17,253.91
08/16/19,1.81,0.01,0.72,253.32
08/09/19,1.80,-0.07,-3.65,250.78
08/02/19,1.86,-0.04,-2.10,264.06
07/26/19,1.90,0.01,0.53,271.88
07/19/19,1.89,-0.09,-4.39,269.92
07/12/19,1.98,0.08,4.15,286.91
07/05/19,1.90,-0.03,-1.50,271.48
06/28/19,1.93,0.02,0.99,277.15
06/21/19,1.91,0.09,5.00,273.44
06/14/19,1.82,0.00,0.11,255.66
06/07/19,1.82,-0.02,-0.93,255.27
05/31/19,1.84,-0.15,-7.51,258.59
05/24/19,1.99,-0.11,-5.11,287.70
05/17/19,2.09,0.04,1.90,308.59
05/10/19,2.05,-0.01,-0.58,300.98
05/03/19,2.07,0.02,1.03,303.32
04/26/19,2.04,-0.03,-1.40,299.22
04/18/19,2.07,0.01,0.29,304.88
04/12/19,2.07,0.02,1.13,303.71
04/05/19,2.04,0.07,3.76,299.22
03/29/19,1.97,0.01,0.36,284.77
03/22/19,1.96,,,283.40
03/15/19,1.96,-0.04,-1.80,283.40
03/08/19,2.00,0.00,0.10,290.43
03/01/19,2.00,-0.03,-1.43,290.04
02/22/19,2.03,0.01,0.35,295.70
02/15/19,2.02,0.11,5.93,294.34
02/08/19,1.91,-0.01,-0.26,272.27
02/01/19,1.91,0.03,1.54,273.24
01/25/19,1.88,-0.03,-1.36,267.58
01/18/19,1.91,0.03,1.44,272.66
01/11/19,1.88,0.10,5.79,267.38
01/04/19,1.78,0.11,6.92,247.27
12/28/18,1.66,-0.07,-4.09,224.80
12/21/18,1.73,-0.11,-6.17,238.67
12/14/18,1.85,-0.03,-1.86,260.94
12/07/18,1.88,0.05,2.95,267.77
11/30/18,1.83,-0.15,-7.35,257.23
11/23/18,1.97,-0.11,-5.19,285.55
11/16/18,2.08,-0.08,-3.48,306.64
11/09/18,2.16,-0.01,-0.51,321.29
11/02/18,2.17,-0.14,-5.90,323.44
10/26/18,2.30,-0.01,-0.22,350.00
10/19/18,2.31,-0.02,-0.77,350.98
10/12/18,2.33,-0.06,-2.55,354.49
10/05/18,2.39,0.04,1.53,366.41
09/28/18,2.35,0.13,5.85,359.38
09/21/18,2.22,0.01,0.54,333.98
09/14/18,2.21,-0.01,-0.36,331.64
09/07/18,2.22,-0.02,-0.98,333.20
08/31/18,2.24,0.04,1.86,337.50
08/24/18,2.20,0.10,4.76,329.49
08/17/18,2.10,-0.04,-2.01,309.96
08/10/18,2.14,0.01,0.56,318.36
08/03/18,2.13,-0.03,-1.25,316.02
07/27/18,2.16,0.05,2.42,321.29
07/20/18,2.11,-0.02,-1.03,311.33
07/13/18,2.13,-0.05,-2.16,315.63
07/06/18,2.18,-0.03,-1.27,324.80
06/29/18,2.20,0.08,3.57,330.27
06/22/18,2.13,0.05,2.31,315.43
06/15/18,2.08,-0.08,-3.84,306.05
06/08/18,2.16,-0.02,-0.92,322.27
06/01/18,2.18,-0.03,-1.27,326.17
05/25/18,2.21,-0.07,-3.16,331.64
05/18/18,2.28,0.04,1.92,345.70
05/11/18,2.24,0.07,3.04,337.30
05/04/18,2.17,0.02,0.84,324.41
04/27/18,2.16,0.03,1.36,320.90
04/20/18,2.13,0.02,0.95,315.23
04/13/18,2.11,0.15,7.72,311.33
04/06/18,1.96,-0.07,-3.31,281.84
03/29/18,2.02,0.01,0.30,294.92
03/23/18,2.02,0.11,5.61,293.75
03/16/18,1.91,0.04,1.98,272.85
03/09/18,1.87,,,265.63
03/02/18,1.87,-0.10,-4.88,265.63
02/23/18,1.97,0.06,2.93,284.38
02/16/18,1.91,0.05,2.91,273.44
02/09/18,1.86,-0.20,-9.67,262.89
02/02/18,2.06,-0.07,-3.29,301.76
01/26/18,2.13,0.07,3.30,315.43
01/19/18,2.06,-0.02,-1.20,302.15
01/12/18,2.08,0.02,1.17,307.03
01/05/18,2.06,-0.01,-0.39,302.34
12/29/17,2.07,0.11,5.56,303.91
12/22/17,1.96,0.06,3.21,282.62
12/15/17,1.90,-0.03,-1.35,270.70
12/08/17,1.92,-0.01,-0.57,275.78
12/01/17,1.94,-0.01,-0.67,277.93
11/24/17,1.95,0.02,1.14,280.47
11/17/17,1.93,-0.01,-0.41,276.17
11/10/17,1.93,0.05,2.55,277.73
11/03/17,1.89,0.02,0.96,268.36
10/27/17,1.87,0.06,3.49,264.84
10/20/17,1.81,0.01,0.56,252.54
10/13/17,1.80,0.05,2.87,250.59
10/06/17,1.75,-0.06,-3.48,240.82
09/29/17,1.81,-0.01,-0.39,253.12
09/22/17,1.82,0.02,1.11,254.49
09/15/17,1.80,0.00,0.17,250.59
09/08/17,1.79,0.02,0.84,250.00
09/01/17,1.78,0.15,9.15,247.07
08/25/17,1.63,0.01,0.74,217.97
08/18/17,1.62,-0.02,-1.04,215.63
08/11/17,1.63,-0.01,-0.61,218.95
08/04/17,1.64,0.00,0.18,220.90
07/28/17,1.64,0.12,8.18,220.31
07/21/17,1.52,0.00,0.13,196.09
07/14/17,1.51,0.07,4.92,195.70
07/07/17,1.44,-0.03,-2.04,181.84
06/30/17,1.47,0.10,7.44,187.70
06/23/17,1.37,-0.05,-3.31,167.77
06/16/17,1.42,-0.01,-0.35,176.95
06/09/17,1.42,-0.06,-3.85,177.93
06/02/17,1.48,-0.09,-5.55,189.06
05/26/17,1.57,-0.01,-0.44,206.05
05/19/17,1.57,0.08,5.71,207.42
05/12/17,1.49,0.04,3.04,190.82
05/05/17,1.45,-0.06,-3.79,182.23
04/28/17,1.50,-0.04,-2.59,193.36
04/21/17,1.54,-0.10,-6.15,201.17
04/13/17,1.64,0.02,1.23,220.90
04/07/17,1.62,0.05,3.24,216.99
03/31/17,1.57,0.07,4.73,207.03
03/24/17,1.50,0.01,0.47,193.16
03/17/17,1.49,-0.01,-0.33,191.80
03/10/17,1.50,-0.08,-5.07,192.77
03/03/17,1.58,-0.06,-3.78,208.40
02/24/17,1.64,0.03,1.61,220.51
02/17/17,1.62,-0.03,-1.82,215.43
02/10/17,1.65,0.00,-0.12,221.29
02/03/17,1.65,0.07,4.31,221.68
01/27/17,1.58,-0.03,-2.11,208.40
01/20/17,1.61,-0.02,-1.29,215.04
01/13/17,1.63,-0.04,-2.45,219.14
01/06/17,1.68,-0.03,-1.87,227.15
12/30/16,1.71,0.05,2.89,233.40
12/23/16,1.66,0.01,0.55,224.02
12/16/16,1.65,0.04,2.55,222.27
12/09/16,1.61,-0.04,-2.48,214.26
12/02/16,1.65,0.14,9.27,222.27
11/25/16,1.51,0.06,4.21,194.92
11/18/16,1.45,0.06,4.39,183.01
11/11/16,1.39,-0.04,-2.66,171.09
11/04/16,1.43,-0.12,-7.58,178.52
10/28/16,1.54,-0.02,-1.47,201.37
10/21/16,1.57,0.01,0.71,205.86
10/14/16,1.56,-0.02,-1.08,203.71
10/07/16,1.57,0.05,3.22,207.03
09/30/16,1.52,0.12,8.86,197.46
09/23/16,1.40,0.01,0.43,173.24
09/16/16,1.39,-0.02,-1.49,172.07
09/09/16,1.41,0.02,1.73,176.17
09/02/16,1.39,-0.10,-6.52,171.48
08/26/16,1.49,-0.01,-1.00,190.43
08/19/16,1.50,0.11,8.06,193.36
08/12/16,1.39,0.08,6.43,171.48
08/05/16,1.31,0.04,3.49,155.08
07/29/16,1.26,-0.07,-5.18,146.48
07/22/16,1.33,-0.04,-3.27,159.96
07/15/16,1.38,0.00,0.07,168.75
07/08/16,1.38,-0.12,-8.09,168.55
07/01/16,1.50,0.04,2.75,192.19
06/24/16,1.46,-0.03,-1.69,184.37
06/17/16,1.48,-0.03,-2.05,189.26
06/10/16,1.51,0.03,2.02,195.31
06/03/16,1.48,-0.01,-0.67,189.45
05/27/16,1.49,0.00,0.13,191.41
05/20/16,1.49,0.09,6.28,191.02
05/13/16,1.40,0.07,5.10,173.83
05/06/16,1.33,-0.05,-3.68,160.55
04/29/16,1.39,0.07,5.40,170.51
04/22/16,1.31,0.08,6.22,156.64
04/15/16,1.24,0.05,4.30,141.60
04/08/16,1.19,0.05,4.59,131.64
04/01/16,1.13,-0.07,-5.42,121.48
03/24/16,1.20,-0.05,-4.08,134.18
03/18/16,1.25,0.03,2.54,144.14
03/11/16,1.22,0.06,5.54,138.09
03/04/16,1.16,0.11,10.53,125.59
02/26/16,1.05,0.02,2.25,104.10
02/19/16,1.02,-0.02,-2.01,99.61
02/12/16,1.04,-0.02,-1.51,103.71
02/05/16,1.06,0.00,-0.28,106.84
01/29/16,1.06,0.07,6.73,107.42
01/22/16,1.00,0.09,9.82,94.34
01/15/16,0.91,-0.10,-10.39,76.95
01/08/16,1.01,-0.03,-2.98,97.46
12/31/15,1.04,-0.04,-3.43,103.52
12/24/15,1.08,0.01,1.03,110.74
12/18/15,1.07,-0.04,-3.35,108.59
12/11/15,1.11,-0.20,-15.07,115.82
12/04/15,1.30,-0.04,-2.77,154.10
11/27/15,1.34,0.00,-0.37,161.33
11/20/15,1.34,-0.03,-1.90,162.30
11/13/15,1.37,-0.13,-8.37,167.38
11/06/15,1.49,0.01,0.40,191.80
10/30/15,1.49,0.04,3.05,190.62
10/23/15,1.44,-0.01,-0.62,182.03
10/16/15,1.45,-0.09,-5.95,183.79
10/09/15,1.55,0.06,4.25,201.76
10/02/15,1.48,-0.01,-0.87,189.45
09/25/15,1.50,0.03,2.05,191.99
09/18/15,1.47,-0.04,-2.98,186.13
09/11/15,1.51,-0.05,-3.51,194.92
09/04/15,1.57,0.01,0.71,205.66
08/28/15,1.55,0.10,7.02,203.52
08/21/15,1.45,-0.08,-5.47,183.59
08/14/15,1.54,0.01,0.46,200.00
08/07/15,1.53,-0.06,-3.59,198.63
07/31/15,1.59,-0.04,-2.76,209.77
07/24/15,1.63,-0.02,-1.39,218.55
07/17/15,1.65,-0.07,-4.12,223.05
07/10/15,1.73,-0.10,-5.58,236.91
07/02/15,1.83,-0.03,-1.83,256.84
06/26/15,1.86,0.00,-0.11,263.48
06/19/15,1.86,-0.02,-1.32,263.87
06/12/15,1.89,0.02,1.18,268.75
06/05/15,1.87,-0.08,-4.26,264.45
05/29/15,1.95,-0.01,-0.41,280.66
05/22/15,1.96,-0.05,-2.64,282.23
05/15/15,2.01,0.05,2.55,292.58
05/08/15,1.96,-0.02,-1.21,282.81
05/01/15,1.98,0.05,2.69,287.50
04/24/15,1.93,0.04,2.06,277.34
04/17/15,1.89,0.12,7.01,269.73
04/10/15,1.77,0.08,4.74,245.51
04/02/15,1.69,-0.05,-2.65,229.88
03/27/15,1.74,-0.03,-1.76,238.87
03/20/15,1.77,0.00,-0.28,244.92
03/13/15,1.77,-0.17,-8.52,245.90
03/06/15,1.94,-0.29,-12.91,278.13
02/27/15,2.22,0.03,1.46,334.18
02/20/15,2.19,0.19,9.28,327.93
02/13/15,2.01,0.15,8.20,291.60
02/06/15,1.85,0.14,7.86,261.91
01/30/15,1.72,0.07,4.44,235.55
01/23/15,1.65,-0.02,-1.20,221.29
01/16/15,1.67,-0.06,-3.37,225.20
01/09/15,1.72,-0.08,-4.54,236.52
01/02/15,1.81,-0.11,-5.84,252.54
12/26/14,1.92,-0.08,-3.86,274.41
12/19/14,1.99,-0.09,-4.13,289.45
12/12/14,2.08,-0.04,-2.07,306.25
12/05/14,2.12,-0.09,-3.93,314.84
11/28/14,2.21,-0.23,-9.27,331.84
11/21/14,2.44,-0.04,-1.42,375.98
11/14/14,2.47,-0.04,-1.44,382.81
11/07/14,2.51,-0.02,-0.71,389.84
10/31/14,2.53,0.04,1.57,393.36
10/24/14,2.49,-0.02,-0.80,385.74
10/17/14,2.51,-0.05,-2.03,389.65
10/10/14,2.56,-0.05,-1.95,399.80
10/03/14,2.61,-0.09,-3.26,409.77
09/26/14,2.70,-0.01,-0.33,426.95
09/19/14,2.71,-0.03,-0.99,428.71
09/12/14,2.73,-0.09,-3.05,433.98
09/05/14,2.82,-0.03,-1.12,450.78
08/29/14,2.85,0.02,0.85,457.03
08/22/14,2.83,-0.01,-0.46,452.34
08/15/14,2.84,-0.03,-1.18,454.88
08/08/14,2.88,0.02,0.67,461.52
08/01/14,2.86,-0.06,-1.92,457.81
07/25/14,2.91,0.06,2.28,468.75
07/18/14,2.85,0.00,-0.14,456.05
07/11/14,2.85,-0.07,-2.26,456.84
07/03/14,2.92,-0.08,-2.60,469.73
06/27/14,3.00,-0.05,-1.80,484.96
06/20/14,3.05,0.07,2.25,495.70
06/13/14,2.98,0.11,3.86,482.62
06/06/14,2.87,-0.02,-0.59,460.94
05/30/14,2.89,-0.07,-2.37,464.26
05/23/14,2.96,0.00,0.10,477.93
05/16/14,2.96,0.04,1.23,477.34
05/09/14,2.92,-0.01,-0.48,470.31
05/02/14,2.93,-0.05,-1.71,473.05
04/25/14,2.99,-0.03,-1.03,483.01
04/17/14,3.02,0.08,2.76,489.06
04/11/14,2.94,0.02,0.62,473.24
04/04/14,2.92,-0.04,-1.32,469.73
03/28/14,2.96,0.02,0.82,477.34
03/21/14,2.93,-0.06,-2.01,472.66
03/14/14,2.99,-0.10,-3.36,484.38
03/07/14,3.10,-0.02,-0.71,504.69
02/28/14,3.12,-0.06,-1.80,508.98
02/21/14,3.18,0.02,0.51,520.12
02/14/14,3.16,-0.28,-8.09,516.99
02/07/14,3.44,0.17,5.04,571.29
01/31/14,3.27,-0.13,-3.76,539.06
01/24/14,3.40,0.28,8.83,564.06
01/17/14,3.12,0.15,4.94,510.16
01/10/14,2.98,0.00,0.17,481.45
01/03/14,2.97,-0.17,-5.41,480.47
12/27/13,3.14,0.06,1.91,513.67
12/20/13,3.08,0.11,3.67,502.15
12/13/13,2.97,-0.08,-2.59,480.86
12/06/13,3.05,0.02,0.63,496.29
11/29/13,3.03,0.00,-0.07,492.58
11/22/13,3.04,0.09,3.02,492.97
11/15/13,2.95,0.07,2.50,475.59
11/08/13,2.88,-0.01,-0.45,461.52
11/01/13,2.89,-0.03,-1.06,464.06
10/25/13,2.92,-0.12,-3.92,470.12
10/18/13,3.04,0.00,-0.07,493.36
10/11/13,3.04,0.03,1.03,493.75
10/04/13,3.01,0.02,0.80,487.70
09/27/13,2.99,-0.02,-0.70,483.01
09/20/13,3.01,-0.11,-3.41,487.11
09/13/13,3.11,-0.04,-1.36,507.81
09/06/13,3.16,0.02,0.64,516.21
08/30/13,3.14,0.03,1.03,512.30
08/23/13,3.10,0.01,0.39,506.05
08/16/13,3.09,0.11,3.55,503.71
08/09/13,2.99,-0.08,-2.67,483.01
08/02/13,3.07,0.06,1.89,499.02
07/26/13,3.01,-0.08,-2.62,487.89
07/19/13,3.09,0.06,2.01,503.71
07/12/13,3.03,0.03,1.07,491.80
07/05/13,3.00,0.13,4.64,485.55
06/28/13,2.87,0.01,0.35,459.57
06/21/13,2.86,-0.11,-3.74,457.62
06/14/13,2.97,0.06,2.13,479.30
06/07/13,2.90,0.12,4.39,467.19
05/31/13,2.78,-0.08,-2.66,443.36
05/24/13,2.86,-0.08,-2.66,458.20
05/17/13,2.94,0.03,1.10,473.44
05/10/13,2.90,0.01,0.45,467.19
05/03/13,2.89,0.01,0.31,464.65
04/26/13,2.88,0.09,3.15,462.89
04/19/13,2.79,-0.08,-2.78,445.70
04/12/13,2.87,-0.07,-2.41,461.33
04/05/13,2.95,-0.12,-4.04,475.20
03/28/13,3.07,0.08,2.81,499.41
03/22/13,2.99,-0.04,-1.49,483.01
03/15/13,3.03,-0.06,-2.01,491.80
03/08/13,3.09,0.04,1.31,503.91
03/01/13,3.05,-0.17,-5.13,496.09
02/22/13,3.22,-0.09,-2.69,528.32
02/15/13,3.31,0.01,0.33,545.70
02/08/13,3.30,0.06,2.01,543.55
02/01/13,3.23,0.11,3.59,530.86
01/25/13,3.12,0.01,0.35,508.98
01/18/13,3.11,0.03,0.84,506.84
01/11/13,3.08,0.02,0.65,501.76
01/04/13,3.06,-0.04,-1.29,497.85
12/28/12,3.10,0.01,0.19,505.66
12/21/12,3.10,0.03,1.11,504.49
12/14/12,3.06,0.08,2.79,497.85
12/07/12,2.98,-0.19,-5.94,481.64
11/30/12,3.17,-0.10,-3.18,518.36
11/23/12,3.27,0.08,2.38,538.67
11/16/12,3.19,0.03,0.85,523.83
11/09/12,3.17,0.07,2.23,518.55
11/02/12,3.10,-0.09,-2.88,505.08
10/26/12,3.19,-0.03,-0.96,523.05
10/19/12,3.22,-0.11,-3.22,529.10
10/12/12,3.33,0.05,1.68,550.00
10/05/12,3.27,0.04,1.30,539.26
09/28/12,3.23,0.01,0.28,531.05
09/21/12,3.22,-0.09,-2.69,529.30
09/14/12,3.31,0.05,1.66,546.68
09/07/12,3.26,-0.07,-2.02,536.13
08/31/12,3.32,0.08,2.47,549.22
08/24/12,3.24,0.03,0.81,533.59
08/17/12,3.22,0.07,2.26,528.52
08/10/12,3.15,0.10,3.25,514.65
08/03/12,3.05,0.07,2.42,495.31
07/27/12,2.98,-0.04,-1.49,481.25
07/20/12,3.02,0.10,3.39,490.04
07/13/12,2.92,0.07,2.56,470.70
07/06/12,2.85,0.03,1.06,456.45
06/29/12,2.82,0.15,5.70,450.59
06/22/12,2.67,-0.09,-3.12,420.90
06/15/12,2.75,0.00,-0.04,437.70
06/08/12,2.75,0.04,1.55,437.89
06/01/12,2.71,-0.18,-6.16,429.69
05/25/12,2.89,0.01,0.21,464.45
05/18/12,2.88,-0.15,-5.07,463.28
05/11/12,3.04,-0.05,-1.46,493.36
05/04/12,3.08,-0.18,-5.60,502.15
04/27/12,3.27,0.07,2.09,537.89
04/20/12,3.20,-0.07,-2.20,524.80
04/13/12,3.27,0.01,0.34,538.87
04/05/12,3.26,-0.01,-0.28,536.72
03/30/12,3.27,-0.02,-0.58,538.48
03/23/12,3.29,-0.08,-2.26,542.19
03/16/12,3.36,0.03,1.05,557.03
03/09/12,3.33,0.07,2.12,550.20
03/02/12,3.26,-0.08,-2.25,536.72
02/24/12,3.34,0.11,3.41,551.37
02/17/12,3.23,0.02,0.72,529.88
02/10/12,3.20,0.07,2.17,525.39
02/03/12,3.13,0.03,0.93,512.11
01/27/12,3.11,0.08,2.48,506.45
01/20/12,3.03,-0.04,-1.34,491.80
01/13/12,3.07,-0.05,-1.48,499.80
01/06/12,3.12,0.15,5.16,508.79
12/30/11,2.96,0.03,1.13,478.91
12/23/11,2.93,0.08,2.91,472.46
12/16/11,2.85,-0.08,-2.73,456.25
12/09/11,2.93,-0.08,-2.76,471.88
12/02/11,3.01,0.04,1.41,488.09
11/25/11,2.97,-0.09,-3.04,479.88
11/18/11,3.06,-0.16,-4.85,498.05
11/11/11,3.22,0.10,3.11,528.52
11/04/11,3.12,0.02,0.64,509.57
10/28/11,3.10,0.03,1.11,505.66
10/21/11,3.07,-0.05,-1.54,499.02
10/14/11,3.12,0.19,6.39,508.40
10/07/11,2.93,0.07,2.49,471.88
09/30/11,2.86,,,458.01
09/23/11,2.86,-0.17,-5.77,458.01
09/16/11,3.03,0.01,0.23,492.19
09/09/11,3.03,-0.03,-0.98,490.82
09/02/11,3.06,0.01,0.43,496.68
08/26/11,3.04,0.06,2.15,494.14
08/19/11,2.98,0.02,0.57,481.64
08/12/11,2.96,-0.03,-1.14,478.32
08/05/11,3.00,-0.17,-5.43,484.96
07/29/11,3.17,-0.05,-1.49,518.55
07/22/11,3.22,-0.01,-0.43,527.93
07/15/11,3.23,0.04,1.10,530.66
07/08/11,3.19,0.19,6.25,523.83
07/01/11,3.01,0.16,5.62,487.11
06/24/11,2.85,-0.21,-6.99,455.86
06/17/11,3.06,-0.11,-3.62,497.66
06/10/11,3.18,0.04,1.21,520.12
06/03/11,3.14,0.08,2.55,512.70
05/27/11,3.06,0.08,2.72,497.46
05/20/11,2.98,-0.05,-1.52,481.64
05/13/11,3.02,0.09,3.10,490.62
05/06/11,2.93,-0.41,-12.21,472.85
04/29/11,3.34,0.08,2.42,552.54
04/21/11,3.26,-0.03,-0.82,537.11
04/15/11,3.29,-0.09,-2.78,542.38
04/08/11,3.38,0.17,5.36,560.74
04/01/11,3.21,0.07,2.23,527.15
03/25/11,3.14,0.01,0.45,513.48
03/18/11,3.13,0.03,0.84,510.74
03/11/11,3.10,-0.07,-2.21,505.66
03/04/11,3.17,0.13,4.41,519.34
02/25/11,3.04,0.23,8.39,493.16
02/18/11,2.80,0.04,1.41,447.27
02/11/11,2.76,0.01,0.36,439.65
02/04/11,2.75,0.03,1.25,437.70
01/28/11,2.72,0.03,1.30,431.05
01/21/11,2.68,0.01,0.34,424.22
01/14/11,2.68,0.14,5.65,422.46
01/07/11,2.53,-0.02,-0.82,394.53
12/31/10,2.55,0.00,-0.20,398.63
12/23/10,2.56,0.08,3.10,399.61
12/17/10,2.48,0.01,0.57,384.57
12/10/10,2.47,-0.07,-2.72,381.84
12/03/10,2.54,0.16,6.69,395.31
11/26/10,2.38,0.06,2.46,364.26
11/19/10,2.32,-0.08,-3.45,353.12
11/12/10,2.40,-0.01,-0.54,369.34
11/05/10,2.42,0.16,7.23,371.87
10/29/10,2.25,-0.05,-2.04,340.04
10/22/10,2.30,0.03,1.37,349.22
10/15/10,2.27,-0.06,-2.58,343.16
10/08/10,2.33,-0.02,-0.89,354.88
10/01/10,2.35,0.16,7.45,358.98
09/24/10,2.19,0.03,1.34,327.15
09/17/10,2.16,-0.02,-0.96,321.48
09/10/10,2.18,0.05,2.20,325.59
09/03/10,2.13,-0.01,-0.33,316.41
08/27/10,2.14,0.09,4.24,317.77
08/20/10,2.05,-0.02,-0.82,300.78
08/13/10,2.07,-0.14,-6.34,304.10
08/06/10,2.21,0.07,3.32,331.45
07/30/10,2.14,0.03,1.42,317.58
07/23/10,2.11,0.04,1.93,311.72
07/16/10,2.07,-0.03,-1.48,303.91
07/09/10,2.10,0.14,7.37,309.96
07/02/10,1.96,-0.20,-9.28,281.84
06/25/10,2.16,-0.04,-1.69,320.90
06/18/10,2.19,0.10,4.93,328.13
06/11/10,2.09,0.06,3.06,308.01
06/04/10,2.03,-0.07,-3.20,295.90
05/28/10,2.09,0.11,5.81,308.98
05/21/10,1.98,-0.18,-8.34,286.52
05/14/10,2.16,-0.02,-1.10,321.68
05/07/10,2.18,-0.16,-6.99,326.37
04/30/10,2.35,0.02,0.82,358.40
04/23/10,2.33,0.06,2.74,354.69
04/16/10,2.27,0.00,-0.13,342.58
04/09/10,2.27,-0.01,-0.53,343.16
04/01/10,2.28,0.14,6.34,345.51
03/26/10,2.15,-0.01,-0.42,318.95
03/19/10,2.15,0.01,0.56,320.70
03/12/10,2.14,-0.03,-1.38,318.36
03/05/10,2.17,0.08,3.58,324.22
02/26/10,2.10,-0.03,-1.22,309.57
02/19/10,2.12,0.16,7.93,314.65
02/12/10,1.97,0.04,2.23,284.18
02/05/10,1.92,-0.03,-1.48,275.78
01/29/10,1.95,0.02,0.83,281.45
01/22/10,1.94,-0.10,-5.14,278.32
01/15/10,2.04,-0.16,-7.14,298.83
01/08/10,2.20,0.08,4.02,329.49
12/31/09,2.11,0.09,4.40,312.89
12/24/09,2.03,0.09,4.54,295.51
12/18/09,1.94,0.05,2.43,278.32
12/11/09,1.89,-0.12,-6.06,269.34
12/04/09,2.01,0.05,2.60,293.16
11/27/09,1.96,0.00,-0.05,283.20
11/20/09,1.96,0.02,0.93,283.40
11/13/09,1.95,-0.01,-0.46,279.88
11/06/09,1.95,-0.04,-2.06,281.64
10/30/09,2.00,-0.09,-4.36,289.65
10/23/09,2.09,0.04,1.86,307.42
10/16/09,2.05,0.15,7.73,300.00
10/09/09,1.90,0.07,3.60,271.29
10/02/09,1.84,0.12,6.93,258.40
09/25/09,1.72,-0.14,-7.44,235.16
09/18/09,1.85,0.09,5.22,262.11
09/11/09,1.76,0.01,0.46,244.14
09/04/09,1.75,-0.15,-7.97,242.58
08/28/09,1.91,-0.04,-2.21,272.27
08/21/09,1.95,0.08,4.06,280.66
08/14/09,1.87,-0.07,-3.85,265.82
08/07/09,1.95,0.07,3.56,280.47
07/31/09,1.88,0.02,1.07,267.38
07/24/09,1.86,0.15,8.89,263.48
07/17/09,1.71,0.12,7.62,233.79
07/10/09,1.59,-0.12,-7.24,210.16
07/02/09,1.71,-0.07,-3.82,234.38
06/26/09,1.78,-0.05,-3.00,247.66
06/19/09,1.84,-0.04,-1.87,258.40
06/12/09,1.87,0.07,4.06,265.23
06/05/09,1.80,0.12,7.22,250.98
05/29/09,1.68,0.11,7.30,227.34
05/22/09,1.56,0.13,8.70,205.08
05/15/09,1.44,-0.09,-6.14,180.66
05/08/09,1.53,0.14,9.75,199.02
05/01/09,1.40,-0.03,-2.31,172.46
04/24/09,1.43,-0.06,-3.90,178.91
04/17/09,1.49,-0.03,-2.04,190.23
04/09/09,1.52,-0.02,-1.11,196.29
04/03/09,1.53,0.03,1.93,199.61
03/27/09,1.51,0.07,5.10,193.95
03/20/09,1.43,0.20,16.61,179.69
03/13/09,1.23,-0.03,-2.46,139.84
03/06/09,1.26,-0.06,-4.26,145.90
02/27/09,1.32,0.09,7.70,156.84
02/20/09,1.22,-0.12,-8.74,138.48
02/13/09,1.34,-0.04,-2.83,161.33
02/06/09,1.38,-0.09,-6.07,168.95
01/30/09,1.47,0.01,0.89,186.33
01/23/09,1.45,-0.03,-1.76,183.79
01/16/09,1.48,-0.05,-3.46,188.87
01/09/09,1.53,0.02,1.32,199.22
01/02/09,1.51,0.24,19.15,195.31
12/26/08,1.27,-0.17,-11.94,147.85
12/19/08,1.44,-0.05,-3.22,181.45
12/12/08,1.49,0.05,3.40,190.82
12/05/08,1.44,-0.31,-17.48,181.25
11/28/08,1.75,-0.03,-1.63,240.82
11/21/08,1.77,-0.12,-6.34,246.48
11/14/08,1.89,-0.16,-7.92,269.92
11/07/08,2.06,-0.11,-4.90,301.76
10/31/08,2.16,0.09,4.24,322.46
10/24/08,2.08,-0.21,-9.31,305.27
10/17/08,2.29,-0.16,-6.46,346.87
10/10/08,2.45,-0.37,-13.17,377.73
10/03/08,2.82,-0.30,-9.62,450.20
09/26/08,3.12,0.10,3.35,508.79
09/19/08,3.02,-0.03,-0.92,489.06
09/12/08,3.04,-0.02,-0.69,494.53
09/05/08,3.07,-0.21,-6.44,498.63
08/29/08,3.28,0.06,1.83,539.84
08/22/08,3.22,0.03,0.88,528.32
08/15/08,3.19,0.00,-0.06,522.85
08/08/08,3.19,-0.33,-9.48,523.24
08/01/08,3.53,-0.08,-2.14,588.48
07/25/08,3.60,-0.17,-4.43,603.52
07/18/08,3.77,-0.36,-8.81,636.13
07/11/08,4.13,0.02,0.39,707.23
07/03/08,4.12,0.13,3.39,704.10
06/27/08,3.98,0.15,3.81,677.73
06/20/08,3.84,-0.07,-1.79,649.22
06/13/08,3.91,-0.13,-3.20,662.89
06/06/08,4.04,0.23,6.10,688.09
05/30/08,3.80,-0.25,-6.10,642.77
05/23/08,4.05,0.10,2.56,691.02
05/16/08,3.95,0.12,3.16,671.29
05/09/08,3.83,0.37,10.64,647.66
05/02/08,3.46,0.02,0.49,575.78
04/25/08,3.44,-0.17,-4.76,572.46
04/18/08,3.62,0.07,1.92,606.05
04/11/08,3.55,0.26,8.04,592.77
04/04/08,3.28,-0.02,-0.52,541.21
03/28/08,3.30,0.10,3.03,544.53
03/20/08,3.20,-0.22,-6.40,525.59
03/14/08,3.42,0.17,5.32,568.36
03/07/08,3.25,0.23,7.76,534.57
02/29/08,3.02,0.06,1.89,488.87
02/22/08,2.96,0.19,6.82,477.93
02/15/08,2.77,0.13,4.84,441.02
02/08/08,2.64,0.15,6.23,416.02
02/01/08,2.49,-0.07,-2.62,385.74
01/25/08,2.55,0.00,0.04,398.83
01/18/08,2.55,0.00,0.16,398.63
01/11/08,2.55,-0.15,-5.63,397.85
01/04/08,2.70,0.02,0.93,427.54
12/28/07,2.68,0.04,1.36,422.66
12/21/07,2.64,-0.01,-0.56,415.63
12/14/07,2.66,0.08,3.27,418.55
12/07/07,2.57,-0.05,-1.83,402.15
11/30/07,2.62,-0.18,-6.40,411.52
11/23/07,2.80,0.11,4.01,446.48
11/16/07,2.69,-0.02,-0.63,425.39
11/09/07,2.71,0.02,0.71,428.71
11/02/07,2.69,0.14,5.41,425.00
10/26/07,2.55,0.10,4.08,398.05
10/19/07,2.45,0.08,3.38,378.52
10/12/07,2.37,0.04,1.50,362.89
10/05/07,2.34,-0.01,-0.26,356.05
09/28/07,2.34,-0.02,-0.85,357.23
09/21/07,2.36,0.02,0.98,361.13
09/14/07,2.34,0.08,3.45,356.64
09/07/07,2.26,0.05,2.40,341.41
08/31/07,2.21,0.09,4.50,331.05
08/24/07,2.11,-0.02,-0.89,312.50
08/17/07,2.13,0.06,2.80,316.21
08/10/07,2.07,-0.04,-1.94,304.88
08/03/07,2.11,-0.04,-1.63,312.89
07/27/07,2.15,0.00,-0.09,319.73
07/20/07,2.15,-0.01,-0.55,320.12
07/13/07,2.16,-0.03,-1.23,322.46
07/06/07,2.19,0.05,2.43,327.73
06/29/07,2.14,-0.04,-1.79,317.58
06/22/07,2.18,0.04,2.06,325.20
06/15/07,2.13,0.12,5.91,316.60
06/08/07,2.01,-0.07,-3.31,293.36
06/01/07,2.08,-0.02,-0.76,306.84
05/25/07,2.10,0.01,0.62,309.96
05/18/07,2.09,0.04,1.91,307.42
05/11/07,2.05,0.06,3.18,299.80
05/04/07,1.98,-0.10,-4.75,287.50
04/27/07,2.08,0.06,3.17,306.84
04/20/07,2.02,-0.10,-4.90,294.34
04/13/07,2.12,0.07,3.21,314.65
04/05/07,2.06,0.17,8.78,301.76
03/30/07,1.89,0.02,0.91,269.34
03/23/07,1.87,0.02,1.13,266.02
03/16/07,1.85,0.01,0.38,261.91
03/09/07,1.85,-0.03,-1.60,260.55
03/02/07,1.88,0.07,3.93,266.41
02/23/07,1.81,0.09,5.19,252.54
02/16/07,1.72,-0.07,-3.81,235.16
02/09/07,1.78,0.02,1.31,248.44
02/02/07,1.76,0.11,6.40,243.95
01/26/07,1.66,0.08,4.88,223.24
01/19/07,1.58,0.01,0.70,208.20
01/12/07,1.57,-0.10,-5.77,206.05
01/05/07,1.66,-0.17,-9.27,224.80
12/29/06,1.83,0.05,2.98,258.01
12/22/06,1.78,-0.08,-4.56,247.66
12/15/06,1.87,-0.02,-1.06,264.26
12/08/06,1.89,-0.10,-4.85,268.16
12/01/06,1.98,0.14,7.84,286.91
11/24/06,1.84,0.04,2.06,258.79
11/17/06,1.80,0.00,-0.06,251.56
11/10/06,1.80,0.07,3.80,251.76
11/03/06,1.74,-0.05,-2.75,238.87
10/27/06,1.78,-0.02,-1.05,248.44
10/20/06,1.80,-0.01,-0.66,252.15
10/13/06,1.82,0.02,1.40,254.49
10/06/06,1.79,-0.02,-1.10,249.61
09/29/06,1.81,0.12,7.10,253.52
09/22/06,1.69,-0.03,-1.80,230.08
09/15/06,1.72,-0.19,-9.85,236.13
09/08/06,1.91,-0.14,-6.97,272.85
09/01/06,2.05,-0.21,-9.32,300.78
08/25/06,2.26,0.07,3.24,341.99
08/18/06,2.19,-0.01,-0.59,328.13
08/11/06,2.21,-0.12,-5.24,330.66
08/04/06,2.33,0.07,3.10,354.49
07/28/06,2.26,0.02,0.80,340.82
07/21/06,2.24,0.00,-0.09,337.30
07/14/06,2.24,0.08,3.70,337.70
07/07/06,2.16,0.07,3.35,322.07
06/30/06,2.09,0.00,-0.19,308.40
06/23/06,2.10,0.01,0.34,309.18
06/16/06,2.09,-0.13,-5.86,307.81
06/09/06,2.22,0.02,0.96,333.20
06/02/06,2.20,0.05,2.42,329.10
05/26/06,2.15,0.09,4.23,318.95
05/19/06,2.06,-0.16,-7.38,301.95
05/12/06,2.22,0.13,6.11,333.98
05/05/06,2.09,-0.03,-1.23,308.98
04/28/06,2.12,-0.10,-4.55,314.06
04/21/06,2.22,0.08,3.88,333.79
04/13/06,2.14,0.13,6.21,317.58
04/07/06,2.01,0.04,1.92,293.16
03/31/06,1.98,0.12,6.58,285.74
03/24/06,1.85,0.00,-0.16,261.91
03/17/06,1.86,0.05,2.77,262.50
03/10/06,1.81,-0.14,-7.10,252.73
03/03/06,1.94,0.13,7.34,279.69
02/24/06,1.81,0.02,1.12,253.71
02/17/06,1.79,0.08,4.61,249.80
02/10/06,1.71,-0.05,-2.89,234.38
02/03/06,1.76,-0.02,-0.90,244.34
01/27/06,1.78,-0.07,-3.58,247.46
01/20/06,1.85,0.14,8.21,260.35
01/13/06,1.71,-0.11,-6.16,233.01
01/06/06,1.82,0.07,4.13,254.88
12/30/05,1.75,0.03,1.57,240.82
12/23/05,1.72,0.02,1.12,235.55
12/16/05,1.70,-0.01,-0.41,231.84
12/09/05,1.71,-0.03,-1.90,233.20
12/02/05,1.74,0.04,2.41,239.65
11/25/05,1.70,-0.01,-0.70,231.64
11/18/05,1.71,-0.03,-1.44,233.98
11/11/05,1.74,-0.07,-3.66,238.87
11/04/05,1.80,-0.11,-5.71,251.76
10/28/05,1.91,-0.08,-3.92,273.05
10/21/05,1.99,-0.08,-3.73,288.28
10/14/05,2.07,-0.01,-0.48,303.32
10/07/05,2.08,-0.15,-6.74,305.27
09/30/05,2.23,0.23,11.25,334.57
09/23/05,2.00,0.14,7.53,290.63
09/16/05,1.86,-0.06,-3.12,263.28
09/09/05,1.92,-0.17,-7.96,275.00
09/02/05,2.09,0.22,11.61,307.42
08/26/05,1.87,0.00,-0.05,265.04
08/19/05,1.87,-0.06,-3.01,265.23
08/12/05,1.93,0.20,11.83,276.56
08/05/05,1.72,0.09,5.57,236.72
07/29/05,1.63,0.05,3.42,218.95
07/22/05,1.58,-0.09,-5.17,208.40
07/15/05,1.67,-0.06,-3.70,225.20
07/08/05,1.73,0.00,0.12,237.70
07/01/05,1.73,0.03,1.71,237.30
06/24/05,1.70,-0.03,-1.51,231.64
06/17/05,1.72,0.04,2.68,236.72
06/10/05,1.68,0.02,0.96,227.93
06/03/05,1.66,0.14,9.34,224.80
05/27/05,1.52,0.08,5.33,197.07
05/20/05,1.44,-0.03,-1.70,182.03
05/13/05,1.47,-0.03,-2.07,186.91
05/06/05,1.50,0.02,1.56,192.97
04/29/05,1.48,-0.15,-9.11,188.48
04/22/05,1.63,0.12,7.90,217.38
04/15/05,1.51,-0.03,-1.70,194.14
04/08/05,1.53,-0.18,-10.46,199.22
04/01/05,1.71,0.14,9.12,234.18
03/24/05,1.57,-0.03,-2.06,206.25
03/18/05,1.60,0.03,1.72,212.70
03/11/05,1.57,0.05,3.28,207.42
03/04/05,1.52,0.06,3.89,197.66
02/25/05,1.47,0.08,6.00,186.52
02/18/05,1.38,0.05,3.75,170.31
02/11/05,1.33,0.04,3.09,160.55
02/04/05,1.29,-0.04,-3.29,152.73
01/28/05,1.34,-0.06,-4.09,161.33
01/21/05,1.40,0.04,3.10,172.46
01/14/05,1.35,0.08,6.37,164.26
01/07/05,1.27,0.03,2.66,148.44
12/31/04,1.24,-0.09,-6.49,141.99
12/23/04,1.33,-0.12,-8.05,158.79
12/17/04,1.44,0.23,18.50,181.45
12/10/04,1.22,-0.02,-1.62,137.50
12/03/04,1.24,-0.23,-15.52,141.41
11/26/04,1.46,-0.04,-2.40,185.74
11/19/04,1.50,0.13,9.18,192.77
11/12/04,1.37,0.00,-0.29,168.16
11/05/04,1.38,-0.09,-5.94,168.95
10/29/04,1.46,-0.15,-9.07,185.94
10/22/04,1.61,0.03,1.96,214.45
10/15/04,1.58,0.05,3.20,208.40
10/08/04,1.53,0.05,3.59,198.83
10/01/04,1.48,0.05,3.79,188.48
09/24/04,1.42,0.09,6.51,177.93
09/17/04,1.34,0.10,8.35,160.94
09/10/04,1.23,0.01,1.15,140.82
09/03/04,1.22,0.02,1.25,138.09
08/27/04,1.20,-0.05,-3.99,135.16
08/20/04,1.25,0.02,1.87,144.92
08/13/04,1.23,0.04,3.19,140.43
08/06/04,1.19,0.00,0.08,133.01
07/30/04,1.19,0.04,3.20,132.81
07/23/04,1.16,0.04,3.40,125.59
07/16/04,1.12,0.02,1.82,118.16
07/09/04,1.10,0.01,1.01,114.26
07/02/04,1.09,0.06,5.64,112.11
06/25/04,1.03,-0.02,-1.72,100.78
06/18/04,1.05,0.03,2.55,104.30
06/10/04,1.02,0.02,2.00,99.22
06/04/04,1.00,-0.02,-2.15,95.31
05/28/04,1.02,-0.02,-2.29,99.61
05/21/04,1.05,-0.04,-3.59,104.30
05/14/04,1.09,0.03,3.24,111.91
05/07/04,1.05,0.07,6.70,105.27
04/30/04,0.99,0.04,4.45,92.38
04/23/04,0.94,-0.07,-7.28,84.18
04/16/04,1.02,0.05,4.85,98.63
04/08/04,0.97,0.07,7.78,89.45
04/02/04,0.90,-0.04,-3.95,75.78
03/26/04,0.94,-0.05,-5.07,83.01
03/19/04,0.99,0.08,8.58,92.77
03/12/04,0.91,-0.06,-5.80,77.54
03/05/04,0.97,-0.04,-4.27,88.48
02/27/04,1.01,0.08,8.86,96.88
02/20/04,0.93,-0.07,-6.65,80.86
02/13/04,0.99,0.10,11.21,93.75
02/06/04,0.89,-0.05,-5.41,74.22
01/30/04,0.94,-0.08,-8.18,84.18
01/23/04,1.03,0.04,4.48,100.59
01/16/04,0.98,-0.03,-2.87,91.99
01/09/04,1.01,0.12,13.58,97.66
01/02/04,0.89,-0.01,-1.44,74.02
12/26/03,0.90,-0.03,-3.21,76.56
12/19/03,0.93,0.02,2.41,82.42
12/12/03,0.91,0.05,6.05,78.13
12/05/03,0.86,0.03,3.12,67.97
11/28/03,0.83,-0.04,-4.36,62.89
11/21/03,0.87,-0.01,-1.13,70.31
11/14/03,0.88,0.05,5.38,72.27
11/07/03,0.84,0.03,3.33,63.48
10/31/03,0.81,-0.03,-3.23,58.20
10/24/03,0.84,-0.01,-0.83,63.48
10/17/03,0.84,-0.05,-5.70,64.84
10/10/03,0.90,0.06,7.44,74.80
10/03/03,0.83,0.07,9.46,62.70
09/26/03,0.76,0.06,7.94,48.63
09/19/03,0.71,-0.05,-6.25,37.70
09/12/03,0.75,-0.01,-1.44,46.88
09/05/03,0.76,-0.06,-7.40,49.02
08/29/03,0.82,-0.01,-0.84,60.94
08/22/03,0.83,0.02,2.59,62.30
08/15/03,0.81,-0.04,-4.82,58.20
08/08/03,0.85,-0.01,-0.70,66.21
08/01/03,0.86,0.07,9.03,67.38
07/25/03,0.79,-0.03,-3.44,53.52
07/18/03,0.81,0.00,-0.49,58.98
07/11/03,0.82,0.02,2.89,59.77
07/03/03,0.80,0.02,2.32,55.27
06/27/03,0.78,0.01,0.91,51.76
06/20/03,0.77,0.02,2.94,50.39
06/13/03,0.75,-0.04,-5.20,46.09
06/06/03,0.79,0.03,3.95,54.10
05/30/03,0.76,-0.01,-1.17,48.24
05/23/03,0.77,-0.02,-2.41,50.00
05/16/03,0.79,0.05,6.35,53.71
05/09/03,0.74,-0.02,-2.25,44.53
05/02/03,0.76,-0.07,-8.57,47.85
04/25/03,0.83,0.02,2.48,61.72
04/17/03,0.81,0.00,-0.37,57.81
04/11/03,0.81,0.04,5.05,58.40
04/04/03,0.77,-0.06,-7.43,50.78
03/28/03,0.83,0.02,2.58,62.89
03/21/03,0.81,-0.25,-23.52,58.79
03/14/03,1.06,-0.19,-15.16,107.62
03/07/03,1.25,0.01,1.13,144.73
02/28/03,1.24,0.05,4.12,141.99
02/21/03,1.19,0.05,4.66,132.42
02/14/03,1.14,-0.07,-6.03,122.07
02/07/03,1.21,0.25,26.04,136.33
01/31/03,0.96,0.01,0.84,87.50
01/24/03,0.95,0.05,6.01,85.94
01/17/03,0.90,0.03,3.70,75.39
01/10/03,0.87,-0.05,-5.87,69.14
01/03/03,0.92,0.02,1.66,79.69
12/27/02,0.91,0.05,5.36,76.76
12/20/02,0.86,0.05,5.79,67.77
12/13/02,0.81,0.06,7.84,58.59
12/06/02,0.75,-0.02,-1.95,47.07
11/29/02,0.77,-0.02,-3.03,50.00
11/22/02,0.79,0.08,11.24,54.69
11/15/02,0.71,0.00,0.28,39.06
11/08/02,0.71,-0.05,-6.46,38.67
11/01/02,0.76,0.01,0.66,48.24
10/25/02,0.75,-0.07,-8.16,47.27
10/18/02,0.82,0.02,2.62,60.35
10/11/02,0.80,0.00,-0.25,56.25
10/04/02,0.80,-0.01,-1.23,56.64
09/27/02,0.81,0.02,2.14,58.59
09/20/02,0.80,0.00,-0.25,55.27
09/13/02,0.80,0.01,1.14,55.66
09/06/02,0.79,0.02,2.60,53.91
08/30/02,0.77,0.01,0.92,50.00
08/23/02,0.76,0.02,2.15,48.63
08/16/02,0.75,0.06,9.56,45.51
08/09/02,0.68,0.01,0.89,32.81
08/02/02,0.67,0.00,0.30,31.64
07/26/02,0.67,-0.03,-4.68,31.25
07/19/02,0.71,0.00,-0.42,37.70
07/12/02,0.71,0.02,2.16,38.28
07/05/02,0.69,0.01,1.32,35.35
06/28/02,0.68,0.03,3.95,33.59
06/21/02,0.66,-0.01,-1.64,28.52
06/14/02,0.67,0.03,5.35,30.66
06/07/02,0.64,-0.01,-0.94,24.02
05/31/02,0.64,-0.03,-3.90,25.20
05/24/02,0.67,-0.03,-3.89,30.27
05/17/02,0.69,0.00,0.29,35.55
05/10/02,0.69,0.01,1.76,35.16
05/03/02,0.68,-0.02,-2.58,32.81
04/26/02,0.70,0.02,2.95,36.33
04/19/02,0.68,0.06,9.53,32.42
04/12/02,0.62,-0.08,-11.57,20.90
04/05/02,0.70,0.02,3.09,36.72
03/28/02,0.68,0.02,3.35,32.62
03/22/02,0.66,0.00,0.61,28.32
03/15/02,0.65,0.03,4.31,27.54
03/08/02,0.63,0.03,5.39,22.27
03/01/02,0.59,0.04,7.03,16.02
02/22/02,0.56,-0.01,-1.94,8.40
02/15/02,0.57,0.02,4.43,10.55
02/08/02,0.54,-0.01,-2.17,5.86
02/01/02,0.55,0.01,2.40,8.20
01/25/02,0.54,0.03,4.84,5.66
01/18/02,0.52,-0.02,-3.55,0.78
01/11/02,0.54,-0.05,-8.70,4.49
01/04/02,0.59,0.02,4.09,14.45
12/28/01,0.56,0.01,2.36,9.96
12/21/01,0.55,0.01,1.66,7.42
12/14/01,0.54,0.04,7.98,5.66
12/07/01,0.50,-0.04,-6.70,-2.15
11/30/01,0.54,0.01,1.90,4.88
11/23/01,0.53,0.01,1.15,2.93
11/16/01,0.52,-0.11,-17.04,1.76
11/09/01,0.63,0.04,7.35,22.66
11/02/01,0.59,-0.04,-6.85,14.26
10/26/01,0.63,-0.01,-0.79,22.66
10/19/01,0.63,-0.01,-1.71,23.63
10/12/01,0.64,-0.01,-0.92,25.78
10/05/01,0.65,-0.02,-3.56,26.95
09/28/01,0.67,-0.02,-3.44,31.64
09/21/01,0.70,-0.10,-12.86,36.33
09/10/01,0.80,-0.01,-0.74,56.45
09/07/01,0.81,0.02,2.93,57.62
08/31/01,0.78,0.02,2.62,53.13
08/24/01,0.76,0.06,8.52,49.22
08/17/01,0.70,-0.05,-6.13,37.50
08/10/01,0.75,0.02,2.88,46.48
08/03/01,0.73,0.01,0.97,42.38
07/27/01,0.72,0.03,3.88,41.02
07/20/01,0.70,0.00,-0.57,35.74
07/13/01,0.70,-0.06,-8.15,36.52
07/06/01,0.76,0.03,4.53,48.63
06/29/01,0.73,-0.02,-2.93,42.19
06/22/01,0.75,-0.09,-10.50,46.48
06/15/01,0.84,0.04,5.41,63.67
06/08/01,0.80,0.00,0.38,55.27
06/01/01,0.79,-0.01,-1.61,54.69
05/25/01,0.81,-0.01,-1.35,57.23
05/18/01,0.82,0.03,3.95,59.37
05/11/01,0.79,0.01,0.77,53.32
05/04/01,0.78,0.01,0.91,52.15
04/27/01,0.77,-0.01,-0.77,50.78
04/20/01,0.78,-0.08,-9.22,51.95
04/12/01,0.86,0.08,10.01,67.38
04/06/01,0.78,0.02,2.64,52.15
03/30/01,0.76,-0.04,-4.65,48.24
03/23/01,0.80,0.08,11.02,55.47
03/16/01,0.72,-0.03,-3.89,40.04
03/09/01,0.75,0.00,-0.53,45.70
03/02/01,0.75,0.01,0.67,46.48
02/23/01,0.75,-0.03,-3.50,45.51
02/16/01,0.77,-0.07,-8.10,50.78
02/09/01,0.84,-0.02,-1.87,64.06
02/02/01,0.86,0.00,0.35,67.19
01/26/01,0.85,-0.05,-5.85,66.60
01/19/01,0.91,0.03,3.90,76.95
01/12/01,0.87,-0.01,-1.25,70.31
01/05/01,0.88,-0.05,-5.66,72.46
12/29/00,0.94,0.05,5.88,82.81
12/22/00,0.88,-0.04,-4.02,72.66
12/15/00,0.92,-0.05,-5.44,79.88
12/08/00,0.97,-0.03,-2.60,90.23
12/01/00,1.00,-0.11,-10.31,95.31
11/24/00,1.12,0.02,2.11,117.77
11/17/00,1.09,0.06,6.23,113.28
11/10/00,1.03,0.09,9.71,100.78
11/03/00,0.94,-0.06,-5.73,83.01
10/27/00,0.99,0.01,0.81,94.14
10/20/00,0.99,-0.05,-4.64,92.58
10/13/00,1.03,0.09,9.19,101.95
10/06/00,0.95,0.00,0.32,84.96
09/29/00,0.94,-0.03,-2.68,84.37
09/22/00,0.97,-0.07,-7.18,89.45
09/15/00,1.05,0.05,5.13,104.10
09/08/00,0.99,0.02,2.16,94.14
09/01/00,0.97,0.00,-0.31,90.04
08/25/00,0.98,0.07,7.25,90.63
08/18/00,0.91,0.04,4.84,77.73
08/11/00,0.87,0.01,1.17,69.53
08/04/00,0.86,0.06,7.79,67.58
07/28/00,0.80,0.02,2.58,55.47
07/21/00,0.78,-0.05,-6.62,51.56
07/14/00,0.83,0.02,1.84,62.30
07/07/00,0.82,-0.03,-3.20,59.37
06/30/00,0.84,0.03,3.18,64.65
06/23/00,0.82,0.06,7.93,59.57
06/16/00,0.76,0.00,-0.13,47.85
06/09/00,0.76,-0.02,-2.70,48.05
06/02/00,0.78,-0.03,-3.23,52.15
05/26/00,0.81,-0.05,-5.52,57.23
05/19/00,0.85,0.01,0.71,66.41
05/12/00,0.85,0.14,20.00,65.23
05/05/00,0.71,0.01,1.29,37.70
04/28/00,0.70,-0.06,-8.30,35.94
04/20/00,0.76,0.05,7.66,48.24
04/14/00,0.71,0.02,2.77,37.70
04/07/00,0.69,-0.09,-11.94,33.98
03/31/00,0.78,0.03,3.45,52.15
03/24/00,0.75,0.02,2.59,47.07
03/17/00,0.73,-0.06,-7.56,43.36
03/10/00,0.79,-0.03,-3.29,55.08
03/03/00,0.82,-0.03,-3.98,60.35
02/25/00,0.86,0.12,15.70,66.99
02/18/00,0.74,-0.03,-4.27,44.34
02/11/00,0.77,-0.90,-53.72,50.78
02/04/00,1.67,0.68,68.15,225.78
01/28/00,0.99,-0.12,-10.79,93.75
01/21/00,1.11,0.37,50.07,117.19
01/14/00,0.74,0.07,10.27,44.73
01/07/00,0.67,-0.03,-3.86,31.25
12/31/99,0.70,0.01,1.16,36.52
12/23/99,0.69,-0.01,-0.72,34.96
12/17/99,0.70,0.06,9.09,35.94
12/10/99,0.64,-0.03,-5.06,24.61
12/03/99,0.67,-0.04,-5.75,31.25
11/26/99,0.71,0.01,1.13,39.26
11/19/99,0.71,0.01,1.59,37.70
11/12/99,0.69,0.06,9.46,35.55
11/05/99,0.63,0.03,5.49,23.83
10/29/99,0.60,-0.04,-5.50,17.38
10/22/99,0.64,0.02,3.75,24.22
10/15/99,0.61,0.06,10.65,19.73
10/08/99,0.55,-0.09,-13.98,8.20
10/01/99,0.64,0.00,0.47,25.78
09/24/99,0.64,0.02,2.56,25.20
09/17/99,0.63,-0.01,-1.26,22.07
09/10/99,0.63,0.05,7.84,23.63
09/03/99,0.59,0.01,2.26,14.65
08/27/99,0.57,-0.01,-1.88,12.11
08/20/99,0.59,0.02,3.17,14.26
08/13/99,0.57,0.01,2.53,10.74
08/06/99,0.55,0.02,3.75,8.01
07/30/99,0.53,0.00,-0.56,4.10
07/23/99,0.54,0.00,-0.74,4.69
07/16/99,0.54,0.01,1.12,5.47
07/09/99,0.53,0.02,3.09,4.30
07/02/99,0.52,0.04,8.37,1.17
06/25/99,0.48,0.02,4.60,-6.64
06/18/99,0.46,0.01,1.56,-10.74
06/11/99,0.45,0.03,8.17,-12.11
06/04/99,0.42,0.01,1.46,-18.75
05/28/99,0.41,-0.01,-1.44,-19.92
05/21/99,0.42,-0.03,-6.09,-18.75
05/14/99,0.44,-0.01,-1.34,-13.48
05/07/99,0.45,-0.02,-4.67,-12.30
04/30/99,0.47,0.02,4.90,-8.01
04/23/99,0.45,0.00,0.45,-12.30
04/16/99,0.45,0.01,1.82,-12.70
04/09/99,0.44,-0.02,-3.52,-14.26
04/01/99,0.46,0.01,1.79,-11.13
03/26/99,0.45,0.02,4.68,-12.70
03/19/99,0.43,0.02,5.96,-16.60
03/12/99,0.40,0.05,12.57,-21.29
03/05/99,0.36,0.02,7.51,-30.08
02/26/99,0.33,0.03,9.18,-34.96
02/19/99,0.31,0.01,2.69,-40.43
02/12/99,0.30,-0.01,-2.94,-41.99
02/05/99,0.31,-0.03,-8.93,-40.23
01/29/99,0.34,0.01,1.51,-34.37
01/22/99,0.33,0.01,1.53,-35.35
01/15/99,0.33,-0.04,-10.19,-36.33
01/08/99,0.36,0.03,8.36,-29.10
12/31/98,0.34,0.01,4.04,-34.57
12/24/98,0.32,0.00,-1.23,-37.11
12/18/98,0.33,0.00,1.24,-36.33
12/11/98,0.32,0.00,-0.92,-37.11
12/04/98,0.33,-0.02,-6.88,-36.52
11/27/98,0.35,-0.01,-1.97,-31.84
11/20/98,0.36,-0.02,-5.82,-30.47
11/13/98,0.38,-0.01,-2.58,-26.17
11/06/98,0.39,-0.02,-6.05,-24.22
10/30/98,0.41,0.01,1.23,-19.34
10/23/98,0.41,-0.01,-2.63,-20.31
10/16/98,0.42,0.00,-0.24,-18.16
10/09/98,0.42,-0.03,-6.25,-17.97
10/02/98,0.45,-0.01,-1.97,-12.50
09/25/98,0.46,0.02,5.54,-10.74
09/18/98,0.43,0.00,0.46,-15.43
09/11/98,0.43,0.01,3.36,-15.82
09/04/98,0.42,0.04,10.61,-18.55
08/28/98,0.38,0.02,6.20,-26.37
08/21/98,0.36,-0.01,-3.79,-30.66
08/14/98,0.37,-0.01,-2.64,-27.93
08/07/98,0.38,0.01,3.84,-25.98
07/31/98,0.37,0.00,-1.08,-28.71
07/24/98,0.37,-0.02,-4.16,-27.93
07/17/98,0.39,,,-24.80
07/10/98,0.39,-0.03,-6.55,-24.80
07/02/98,0.41,0.00,-0.48,-19.53
06/26/98,0.41,0.02,6.15,-19.14
06/19/98,0.39,-0.01,-2.50,-23.83
06/12/98,0.40,-0.01,-2.20,-21.87
06/05/98,0.41,-0.01,-2.15,-20.12
05/29/98,0.42,0.00,0.48,-18.36
05/22/98,0.42,-0.01,-3.03,-18.75
05/15/98,0.43,-0.02,-3.81,-16.21
05/08/98,0.45,-0.03,-6.11,-12.89
05/01/98,0.48,0.03,6.03,-7.23
04/24/98,0.45,0.00,-0.67,-12.50
04/17/98,0.45,0.01,2.73,-11.91
04/09/98,0.44,-0.01,-3.09,-14.26
04/03/98,0.45,-0.02,-3.82,-11.52
03/27/98,0.47,0.05,12.41,-8.01
03/20/98,0.42,0.01,1.70,-18.16
03/13/98,0.41,-0.03,-5.94,-19.53
03/06/98,0.44,-0.01,-2.67,-14.45
02/27/98,0.45,-0.01,-2.39,-12.11
02/20/98,0.46,0.01,1.77,-9.96
02/13/98,0.45,-0.01,-3.00,-11.52
02/06/98,0.47,-0.02,-3.51,-8.79
01/30/98,0.48,0.03,6.84,-5.47
01/23/98,0.45,-0.02,-4.63,-11.52
01/16/98,0.48,0.00,0.21,-7.23
01/09/98,0.47,-0.02,-4.82,-7.42
01/02/98,0.50,-0.01,-1.78,-2.73
12/26/97,0.51,-0.02,-3.61,-0.98
12/19/97,0.53,0.00,0.77,2.73
12/12/97,0.52,-0.01,-2.61,1.95
12/05/97,0.54,0.00,0.75,4.69
11/28/97,0.53,-0.03,-5.00,3.91
11/21/97,0.56,-0.04,-6.67,9.38
11/14/97,0.60,0.03,4.35,17.19
11/07/97,0.58,0.00,-0.35,12.30
10/31/97,0.58,0.01,1.58,12.70
10/24/97,0.57,-0.01,-1.22,10.94
10/17/97,0.58,-0.02,-4.01,12.30
10/10/97,0.60,-0.03,-4.47,16.99
10/03/97,0.63,0.04,6.63,22.46
09/26/97,0.59,0.04,7.10,14.84
09/19/97,0.55,0.02,3.20,7.23
09/12/97,0.53,-0.01,-2.03,3.91
09/05/97,0.54,0.02,4.02,6.05
08/29/97,0.52,-0.01,-1.14,1.95
08/22/97,0.53,-0.02,-4.17,3.13
08/15/97,0.55,0.01,0.92,7.62
08/08/97,0.55,-0.03,-5.21,6.64
08/01/97,0.58,0.02,4.54,12.50
07/25/97,0.55,0.03,4.75,7.62
07/18/97,0.53,0.00,-0.38,2.73
07/11/97,0.53,-0.01,-0.94,3.13
07/03/97,0.53,-0.01,-1.30,4.10
06/27/97,0.54,0.02,4.25,5.47
06/20/97,0.52,0.00,-0.77,1.17
06/13/97,0.52,,,1.95
06/06/97,0.52,-0.05,-8.42,1.95
05/30/97,0.57,-0.01,-1.72,11.33
05/23/97,0.58,-0.01,-1.86,13.28
05/16/97,0.59,0.03,6.10,15.43
05/09/97,0.56,-0.01,-2.11,8.79
05/02/97,0.57,-0.02,-3.07,11.13
04/25/97,0.59,-0.01,-1.01,14.65
04/18/97,0.59,0.00,-0.34,15.82
04/11/97,0.60,0.01,2.06,16.21
04/04/97,0.58,0.00,-0.51,13.87
03/27/97,0.59,-0.01,-2.17,14.45
03/21/97,0.60,0.03,4.90,16.99
03/14/97,0.57,0.01,2.70,11.52
03/07/97,0.56,-0.01,-1.77,8.59
02/28/97,0.57,-0.03,-4.87,10.55
02/21/97,0.60,-0.04,-6.89,16.21
02/14/97,0.64,0.01,1.11,24.80
02/07/97,0.63,-0.06,-8.93,23.44
01/31/97,0.69,0.02,3.74,35.55
01/24/97,0.67,-0.02,-2.48,30.66
01/17/97,0.69,-0.04,-6.16,33.98
01/10/97,0.73,0.01,1.25,42.77
01/03/97,0.72,0.01,1.83,41.02
12/27/96,0.71,-0.03,-3.41,38.48
12/20/96,0.73,0.01,1.80,43.36
12/13/96,0.72,-0.03,-4.25,40.82
12/06/96,0.75,0.03,4.44,47.07
11/29/96,0.72,-0.02,-2.44,40.82
11/22/96,0.74,-0.01,-0.81,44.34
11/15/96,0.75,0.04,5.52,45.51
11/08/96,0.71,0.03,5.06,37.89
11/01/96,0.67,-0.05,-7.57,31.25
10/25/96,0.73,-0.03,-3.58,41.99
10/18/96,0.75,0.03,3.57,47.27
10/11/96,0.73,-0.03,-4.34,42.19
10/04/96,0.76,0.04,5.11,48.63
09/27/96,0.72,0.04,5.54,41.41
09/20/96,0.69,-0.01,-1.44,33.98
09/13/96,0.70,0.03,4.19,35.94
09/06/96,0.67,0.03,5.36,30.47
08/30/96,0.63,0.01,1.28,23.83
08/23/96,0.63,0.00,0.16,22.27
08/16/96,0.63,0.03,5.04,22.07
08/09/96,0.60,-0.01,-1.49,16.21
08/02/96,0.60,0.04,7.28,17.97
07/26/96,0.56,-0.01,-1.92,9.96
07/19/96,0.57,-0.01,-1.03,12.11
07/12/96,0.58,0.01,1.75,13.28
07/05/96,0.57,0.01,1.42,11.33
06/28/96,0.56,0.03,6.04,9.77
06/21/96,0.53,0.00,-0.38,3.52
06/14/96,0.53,-0.01,-1.30,3.91
06/07/96,0.54,0.00,0.75,5.27
05/31/96,0.54,-0.05,-7.92,4.49
05/24/96,0.58,0.00,-0.17,13.48
05/17/96,0.58,-0.08,-11.42,13.67
05/10/96,0.66,0.00,0.31,28.32
05/03/96,0.66,0.02,2.34,27.93
04/26/96,0.64,0.03,4.92,25.00
04/19/96,0.61,-0.21,-25.61,19.14
04/12/96,0.82,0.07,9.19,60.16
04/04/96,0.75,0.09,14.48,46.68
03/29/96,0.66,-0.05,-7.61,28.13
03/22/96,0.71,0.06,9.06,38.67
03/15/96,0.65,0.03,4.83,27.15
03/08/96,0.62,-0.01,-1.43,21.29
03/01/96,0.63,-0.05,-6.67,23.05
02/23/96,0.68,0.04,6.30,31.84
02/16/96,0.64,0.06,9.48,24.02
02/09/96,0.58,,,13.28
02/02/96,0.58,0.07,14.17,13.28
01/26/96,0.51,-0.04,-6.79,-0.78
01/19/96,0.55,0.01,2.25,6.45
01/12/96,0.53,-0.08,-13.05,4.10
01/05/96,0.61,0.03,4.25,19.73
12/29/95,0.59,-0.01,-2.33,14.84
12/22/95,0.60,0.02,3.26,17.58
12/15/95,0.58,0.01,2.10,13.87
12/08/95,0.57,0.04,8.14,11.52
12/01/95,0.53,-0.01,-1.12,3.13
11/24/95,0.53,0.00,-0.74,4.30
11/17/95,0.54,0.01,1.89,5.08
11/10/95,0.53,0.00,-0.75,3.13
11/03/95,0.53,0.01,2.31,3.91
10/27/95,0.52,0.02,4.42,1.56
10/20/95,0.50,-0.01,-1.19,-2.73
10/13/95,0.50,0.01,2.44,-1.56
10/06/95,0.49,-0.01,-1.20,-3.91
09/29/95,0.50,0.00,-0.60,-2.73
09/22/95,0.50,-0.03,-5.83,-2.15
09/15/95,0.53,-0.01,-2.03,3.91
09/08/95,0.54,0.03,6.47,6.05
09/01/95,0.51,0.00,-0.20,-0.39
08/25/95,0.51,0.02,3.23,-0.20
08/18/95,0.50,-0.01,-1.20,-3.32
08/11/95,0.50,0.02,3.51,-2.15
08/04/95,0.48,,,-5.47
07/28/95,0.48,0.01,1.89,-5.47
07/21/95,0.48,-0.03,-5.75,-7.23
07/14/95,0.50,0.02,3.92,-1.56
07/07/95,0.49,0.00,-0.21,-5.27
06/30/95,0.49,,,-5.08
06/23/95,0.49,-0.03,-6.00,-5.08
06/16/95,0.52,,,0.98
06/09/95,0.52,-0.02,-4.08,0.98
06/02/95,0.54,,,5.27
05/26/95,0.54,0.03,5.27,5.27
05/19/95,0.51,0.51,,
05/12/95,,,,
05/05/95,,,,
04/28/95,,,,
04/21/95,,,,
04/13/95,,,,
04/07/95,,,,
03/31/95,,,,
03/24/95,,,,
03/17/95,,,,
03/10/95,,,,
03/03/95,,,,
02/24/95,,,,
02/17/95,,,,
02/10/95,,,,
02/03/95,,,,
01/27/95,,,,
01/20/95,,,,
01/13/95,,,,
01/06/95,,,,
12/30/94,,,,
12/23/94,,,,
12/16/94,,,,
12/09/94,,,,
12/02/94,,,,
11/25/94,,,,
11/18/94,,,,
11/11/94,,,,
11/04/94,,,,
10/28/94,,,,
10/21/94,,,,
10/14/94,,,,
10/07/94,,,,
09/30/94,,,,
09/23/94,,,,
09/16/94,,,,
09/09/94,,,,
09/02/94,,,,
08/26/94,,,,
08/19/94,,,,
08/12/94,,,,
08/05/94,,,,
07/29/94,,,,
07/22/94,,,,
07/15/94,,,,
07/08/94,,,,
07/01/94,,,,
06/24/94,,,,
06/17/94,,,,
06/10/94,,,,
06/03/94,,,,
05/27/94,,,,
05/20/94,,,,
05/13/94,,,,
05/06/94,,,,
04/29/94,,,,
04/22/94,,,,
04/15/94,,,,
04/08/94,,,,
03/31/94,,,,
03/25/94,,,,
03/18/94,,,,
03/11/94,,,,
03/04/94,,,,
02/25/94,,,,
02/18/94,,,,
02/11/94,,,,
02/04/94,,,,
01/28/94,,,,
01/21/94,,,,
01/14/94,,,,
01/07/94,,,,
12/31/93,,,,
12/23/93,,,,
12/17/93,,,,
12/10/93,,,,
12/03/93,,,,
11/26/93,,,,
11/19/93,,,,
11/12/93,,,,
11/05/93,,,,
10/29/93,,,,
10/22/93,,,,
10/15/93,,,,
10/08/93,,,,
10/01/93,,,,
09/24/93,,,,
09/17/93,,,,
09/10/93,,,,
09/03/93,,,,
08/27/93,,,,
08/20/93,,,,
08/13/93,,,,
08/06/93,,,,
07/30/93,,,,
07/23/93,,,,
07/16/93,,,,
07/09/93,,,,
07/02/93,,,,
06/25/93,,,,
06/18/93,,,,
06/11/93,,,,
06/04/93,,,,
05/28/93,,,,
05/21/93,,,,
05/14/93,,,,
05/07/93,,,,
04/30/93,,,,
04/23/93,,,,
04/16/93,,,,
04/08/93,,,,
04/02/93,,,,
03/26/93,,,,
03/19/93,,,,
03/12/93,,,,
03/05/93,,,,
02/26/93,,,,
02/19/93,,,,
02/12/93,,,,
02/05/93,,,,
01/29/93,,,,
01/22/93,,,,
01/15/93,,,,
01/08/93,,,,
12/31/92,,,,
12/24/92,,,,
12/18/92,,,,
12/11/92,,,,
12/04/92,,,,
11/27/92,,,,
11/20/92,,,,
11/13/92,,,,
11/06/92,,,,
10/30/92,,,,
10/23/92,,,,
10/16/92,,,,
10/09/92,,,,
10/02/92,,,,
09/25/92,,,,
09/18/92,,,,
09/11/92,,,,
09/04/92,,,,
08/28/92,,,,
08/21/92,,,,
08/14/92,,,,
08/07/92,,,,
07/31/92,,,,
07/24/92,,,,
07/17/92,,,,
07/10/92,,,,
07/02/92,,,,
06/26/92,,,,
06/19/92,,,,
06/12/92,,,,
06/05/92,,,,
05/29/92,,,,
05/22/92,,,,
05/15/92,,,,
05/08/92,,,,
05/01/92,,,,
04/24/92,,,,
04/16/92,,,,
04/10/92,,,,
04/03/92,,,,
03/27/92,,,,
03/20/92,,,,
03/13/92,,,,
03/06/92,,,,
02/28/92,,,,
02/21/92,,,,
02/14/92,,,,
02/07/92,,,,
01/31/92,,,,
01/24/92,,,,
01/17/92,,,,
01/10/92,,,,
01/03/92,,,,
12/27/91,,,,
12/20/91,,,,
12/13/91,,,,
12/06/91,,,,
11/29/91,,,,
11/22/91,,,,
11/15/91,,,,
11/08/91,,,,
11/01/91,,,,
10/25/91,,,,
10/18/91,,,,
10/11/91,,,,
10/04/91,,,,
09/27/91,,,,
09/20/91,,,,
09/13/91,,,,
09/06/91,,,,
08/30/91,,,,
08/23/91,,,,
08/16/91,,,,
08/09/91,,,,
08/02/91,,,,
07/26/91,,,,
07/19/91,,,,
07/12/91,,,,
07/05/91,,,,
06/28/91,,,,
06/21/91,,,,
06/14/91,,,,
06/07/91,,,,
05/31/91,,,,
05/24/91,,,,
05/17/91,,,,
05/10/91,,,,
05/03/91,,,,
04/26/91,,,,
04/19/91,,,,
04/12/91,,,,
04/05/91,,,,
03/28/91,,,,
03/22/91,,,,
03/15/91,,,,
03/08/91,,,,
03/01/91,,,,
02/22/91,,,,
02/15/91,,,,
02/08/91,,,,
02/01/91,,,,
01/25/91,,,,
01/18/91,,,,
01/11/91,,,,
01/04/91,,,,
12/28/90,,,,
12/21/90,,,,
12/14/90,,,,
12/07/90,,,,
11/30/90,,,,
11/23/90,,,,
11/16/90,,,,
11/09/90,,,,
11/02/90,,,,
10/26/90,,,,
10/19/90,,,,
10/12/90,,,,
10/05/90,,,,
09/28/90,,,,
09/21/90,,,,
09/14/90,,,,
09/07/90,,,,
08/31/90,,,,
08/24/90,,,,
08/17/90,,,,
08/10/90,,,,
08/03/90,,,,
07/27/90,,,,
07/20/90,,,,
07/13/90,,,,
07/06/90,,,,
06/29/90,,,,
06/22/90,,,,
06/15/90,,,,
06/08/90,,,,
06/01/90,,,,
05/25/90,,,,
05/18/90,,,,
05/11/90,,,,
05/04/90,,,,
04/27/90,,,,
04/20/90,,,,
04/12/90,,,,
04/06/90,,,,
03/30/90,,,,
03/23/90,,,,
03/16/90,,,,
03/09/90,,,,
03/02/90,,,,
02/23/90,,,,
02/16/90,,,,
02/09/90,,,,
02/02/90,,,,
01/26/90,,,,
01/19/90,,,,
01/12/90,,,,
01/05/90,,,,
12/29/89,,,,
12/22/89,,,,
12/15/89,,,,
12/08/89,,,,
12/01/89,,,,
11/24/89,,,,
11/17/89,,,,
11/10/89,,,,
11/03/89,,,,
10/27/89,,,,
10/20/89,,,,
10/13/89,,,,
10/06/89,,,,
09/29/89,,,,
09/22/89,,,,
09/15/89,,,,
09/08/89,,,,
09/01/89,,,,
08/25/89,,,,
08/18/89,,,,
08/11/89,,,,
08/04/89,,,,
07/28/89,,,,
07/21/89,,,,
07/14/89,,,,
07/07/89,,,,
06/30/89,,,,
06/23/89,,,,
06/16/89,,,,
06/09/89,,,,
06/02/89,,,,
05/26/89,,,,
05/19/89,,,,
05/12/89,,,,
05/05/89,,,,
04/28/89,,,,
04/21/89,,,,
04/14/89,,,,
04/07/89,,,,
03/31/89,,,,
03/23/89,,,,
03/17/89,,,,
03/10/89,,,,
03/03/89,,,,
02/24/89,,,,
02/17/89,,,,
02/10/89,,,,
02/03/89,,,,
01/27/89,,,,
01/20/89,,,,
01/13/89,,,,
01/06/89,,,,
12/30/88,,,,
12/23/88,,,,
12/16/88,,,,
12/09/88,,,,
12/02/88,,,,
11/25/88,,,,
11/18/88,,,,
11/11/88,,,,
11/04/88,,,,
10/28/88,,,,
10/21/88,,,,
10/14/88,,,,
10/07/88,,,,
09/30/88,,,,
09/23/88,,,,
09/16/88,,,,
09/09/88,,,,
09/02/88,,,,
08/26/88,,,,
08/19/88,,,,
08/12/88,,,,
08/05/88,,,,
07/29/88,,,,
07/22/88,,,,
07/15/88,,,,
07/08/88,,,,
07/01/88,,,,
06/24/88,,,,
06/17/88,,,,
06/10/88,,,,
06/03/88,,,,
05/27/88,,,,
05/20/88,,,,
05/13/88,,,,
05/06/88,,,,
04/29/88,,,,
04/22/88,,,,
04/15/88,,,,
04/08/88,,,,
03/31/88,,,,
03/25/88,,,,
03/18/88,,,,
03/11/88,,,,
03/04/88,,,,
02/26/88,,,,
02/19/88,,,,
02/12/88,,,,
02/05/88,,,,
01/29/88,,,,
01/22/88,,,,
01/15/88,,,,
01/08/88,,,,
12/31/87,,,,
12/24/87,,,,
12/18/87,,,,
12/11/87,,,,
12/04/87,,,,
11/27/87,,,,
11/20/87,,,,
11/13/87,,,,
11/06/87,,,,
10/30/87,,,,
10/23/87,,,,
10/16/87,,,,
10/09/87,,,,
10/02/87,,,,
09/25/87,,,,
09/18/87,,,,
09/11/87,,,,
09/04/87,,,,
08/28/87,,,,
08/21/87,,,,
08/14/87,,,,
08/07/87,,,,
07/31/87,,,,
07/24/87,,,,
07/17/87,,,,
07/10/87,,,,
07/02/87,,,,
06/26/87,,,,
06/19/87,,,,
06/12/87,,,,
06/05/87,,,,
05/29/87,,,,
05/22/87,,,,
05/15/87,,,,
05/08/87,,,,
05/01/87,,,,
04/24/87,,,,
04/16/87,,,,
04/10/87,,,,
04/03/87,,,,
03/27/87,,,,
03/20/87,,,,
03/13/87,,,,
03/06/87,,,,
02/27/87,,,,
02/20/87,,,,
02/13/87,,,,
02/06/87,,,,
01/30/87,,,,
01/23/87,,,,
01/16/87,,,,
01/09/87,,,,
01/02/87,,,,
12/26/86,,,,
12/19/86,,,,
12/12/86,,,,
12/05/86,,,,
11/28/86,,,,
11/21/86,,,,
11/14/86,,,,
11/07/86,,,,
10/31/86,,,,
10/24/86,,,,
10/17/86,,,,
10/10/86,,,,
10/03/86,,,,
09/26/86,,,,
09/19/86,,,,
09/12/86,,,,
09/05/86,,,,
08/29/86,,,,
08/22/86,,,,
08/15/86,,,,
08/08/86,,,,
08/01/86,,,,
07/25/86,,,,
07/18/86,,,,
07/11/86,,,,
07/03/86,,,,
06/27/86,,,,
06/20/86,,,,
06/13/86,,,,
06/06/86,,,,
05/30/86,,,,
05/23/86,,,,
05/16/86,,,,
05/09/86,,,,
05/02/86,,,,
04/25/86,,,,
04/18/86,,,,
04/11/86,,,,
04/04/86,,,,
03/27/86,,,,
03/21/86,,,,
03/14/86,,,,
03/07/86,,,,
02/28/86,,,,
02/21/86,,,,
02/14/86,,,,
02/07/86,,,,
01/31/86,,,,
01/24/86,,,,
01/17/86,,,,
01/10/86,,,,
01/03/86,,,,
12/27/85,,,,
12/20/85,,,,
12/13/85,,,,
12/06/85,,,,
11/29/85,,,,
11/22/85,,,,
11/15/85,,,,
11/08/85,,,,
11/01/85,,,,
10/25/85,,,,
10/18/85,,,,
10/11/85,,,,
10/04/85,,,,
09/26/85,,,,
09/20/85,,,,
09/13/85,,,,
09/06/85,,,,
08/30/85,,,,
08/23/85,,,,
08/16/85,,,,
08/09/85,,,,
08/02/85,,,,
07/26/85,,,,
07/19/85,,,,
07/12/85,,,,
07/05/85,,,,
06/28/85,,,,
06/21/85,,,,
06/14/85,,,,
06/07/85,,,,
05/31/85,,,,
05/24/85,,,,
05/17/85,,,,
05/10/85,,,,
05/03/85,,,,
04/26/85,,,,
04/19/85,,,,
04/12/85,,,,
04/04/85,,,,
03/29/85,,,,
03/22/85,,,,
03/15/85,,,,
03/08/85,,,,
03/01/85,,,,
02/22/85,,,,
02/15/85,,,,
02/08/85,,,,
02/01/85,,,,
01/25/85,,,,
01/18/85,,,,
01/11/85,,,,
01/04/85,,,,
12/28/84,,,,
12/21/84,,,,
12/14/84,,,,
12/07/84,,,,
11/30/84,,,,
11/23/84,,,,
11/16/84,,,,
11/09/84,,,,
11/02/84,,,,
10/26/84,,,,
10/19/84,,,,
10/12/84,,,,
10/05/84,,,,
09/28/84,,,,
09/21/84,,,,
09/14/84,,,,
09/07/84,,,,
08/31/84,,,,
08/24/84,,,,
08/17/84,,,,
08/10/84,,,,
08/03/84,,,,
07/27/84,,,,
07/20/84,,,,
07/13/84,,,,
07/06/84,,,,
06/29/84,,,,
06/22/84,,,,
06/15/84,,,,
06/08/84,,,,
06/01/84,,,,
05/25/84,,,,
05/18/84,,,,
05/11/84,,,,
05/04/84,,,,
04/27/84,,,,
04/19/84,,,,
04/13/84,,,,
04/06/84,,,,
03/30/84,,,,
03/23/84,,,,
03/16/84,,,,
03/09/84,,,,
03/02/84,,,,
02/24/84,,,,
02/17/84,,,,
02/10/84,,,,
02/03/84,,,,
01/27/84,,,,
01/20/84,,,,
01/13/84,,,,
01/06/84,,,,
12/30/83,,,,
12/23/83,,,,
12/16/83,,,,
12/09/83,,,,
12/02/83,,,,
11/25/83,,,,
11/18/83,,,,
11/11/83,,,,
11/04/83,,,,
10/28/83,,,,
10/21/83,,,,
10/14/83,,,,
10/07/83,,,,
09/30/83,,,,
09/23/83,,,,
09/16/83,,,,
09/09/83,,,,
09/02/83,,,,
08/26/83,,,,
08/19/83,,,,
08/12/83,,,,
08/05/83,,,,
07/29/83,,,,
07/22/83,,,,
07/15/83,,,,
07/08/83,,,,
07/01/83,,,,
06/24/83,,,,
06/17/83,,,,
06/10/83,,,,
06/03/83,,,,
05/27/83,,,,
05/20/83,,,,
05/13/83,,,,
05/06/83,,,,
04/29/83,,,,
04/22/83,,,,
04/15/83,,,,
04/08/83,,,,
03/31/83,,,,
03/25/83,,,,
03/18/83,,,,
03/11/83,,,,
03/04/83,,,,
02/25/83,,,,
02/18/83,,,,
02/11/83,,,,
02/04/83,,,,
01/28/83,,,,
01/21/83,,,,
01/14/83,,,,
01/07/83,,,,
12/31/82,,,,
12/23/82,,,,
12/17/82,,,,
12/10/82,,,,
12/03/82,,,,
11/26/82,,,,
11/19/82,,,,
11/12/82,,,,
11/05/82,,,,
10/29/82,,,,
10/22/82,,,,
10/15/82,,,,
10/08/82,,,,
10/01/82,,,,
09/24/82,,,,
09/17/82,,,,
09/10/82,,,,
09/03/82,,,,
08/27/82,,,,
08/20/82,,,,
08/13/82,,,,
08/06/82,,,,
07/30/82,,,,
07/23/82,,,,
07/16/82,,,,
07/09/82,,,,
07/02/82,,,,
06/25/82,,,,
06/18/82,,,,
06/11/82,,,,
06/04/82,,,,
05/28/82,,,,
05/21/82,,,,
05/14/82,,,,
05/07/82,,,,
04/30/82,,,,
04/23/82,,,,
04/16/82,,,,
04/08/82,,,,
04/02/82,,,,
03/26/82,,,,
03/19/82,,,,
03/12/82,,,,
03/05/82,,,,
02/26/82,,,,
02/19/82,,,,
02/12/82,,,,
02/05/82,,,,
01/29/82,,,,
01/22/82,,,,
01/15/82,,,,
01/08/82,,,,
12/31/81,,,,
12/24/81,,,,
12/18/81,,,,
12/11/81,,,,
12/04/81,,,,
11/27/81,,,,
11/20/81,,,,
11/13/81,,,,
11/06/81,,,,
10/30/81,,,,
10/23/81,,,,
10/16/81,,,,
10/09/81,,,,
10/02/81,,,,
09/25/81,,,,
09/18/81,,,,
09/11/81,,,,
09/04/81,,,,
08/28/81,,,,
08/21/81,,,,
08/14/81,,,,
08/07/81,,,,
07/31/81,,,,
07/24/81,,,,
07/17/81,,,,
07/10/81,,,,
07/02/81,,,,
06/26/81,,,,
06/19/81,,,,
06/12/81,,,,
06/05/81,,,,
05/29/81,,,,
05/22/81,,,,
05/15/81,,,,
05/08/81,,,,
05/01/81,,,,
04/24/81,,,,
04/16/81,,,,
04/10/81,,,,
04/03/81,,,,
03/27/81,,,,
03/20/81,,,,
03/13/81,,,,
03/06/81,,,,
02/27/81,,,,
02/20/81,,,,
02/13/81,,,,
02/06/81,,,,
01/30/81,,,,
01/23/81,,,,
01/16/81,,,,
01/09/81,,,,
01/02/81,,,,
12/26/80,,,,
12/19/80,,,,
12/12/80,,,,
12/05/80,,,,
11/28/80,,,,
11/21/80,,,,
11/14/80,,,,
11/07/80,,,,
10/31/80,,,,
10/24/80,,,,
10/17/80,,,,
10/10/80,,,,
10/03/80,,,,
09/26/80,,,,
09/19/80,,,,
09/12/80,,,,
09/05/80,,,,
08/29/80,,,,
08/22/80,,,,
08/15/80,,,,
08/08/80,,,,
08/01/80,,,,
07/25/80,,,,
07/18/80,,,,
07/11/80,,,,
07/03/80,,,,
06/27/80,,,,
06/20/80,,,,
06/13/80,,,,
06/06/80,,,,
05/30/80,,,,
05/23/80,,,,
05/16/80,,,,
05/09/80,,,,
05/02/80,,,,
04/25/80,,,,
04/18/80,,,,
04/11/80,,,,
04/03/80,,,,
03/28/80,,,,
03/21/80,,,,
03/14/80,,,,
03/07/80,,,,
02/29/80,,,,
02/22/80,,,,
02/15/80,,,,
02/08/80,,,,
02/01/80,,,,
01/25/80,,,,
01/18/80,,,,
01/11/80,,,,
01/04/80,,,,
12/28/79,,,,
12/21/79,,,,
12/14/79,,,,
12/07/79,,,,
11/30/79,,,,
11/23/79,,,,
11/16/79,,,,
11/09/79,,,,
11/02/79,,,,
10/26/79,,,,
10/19/79,,,,
10/12/79,,,,
10/05/79,,,,
09/28/79,,,,
09/21/79,,,,
09/14/79,,,,
09/07/79,,,,
08/31/79,,,,
08/24/79,,,,
08/17/79,,,,
08/10/79,,,,
08/03/79,,,,
07/27/79,,,,
07/20/79,,,,
07/13/79,,,,
07/06/79,,,,
06/29/79,,,,
06/22/79,,,,
06/15/79,,,,
06/08/79,,,,
06/01/79,,,,
05/25/79,,,,
05/18/79,,,,
05/11/79,,,,
05/04/79,,,,
04/27/79,,,,
04/20/79,,,,
04/12/79,,,,
04/06/79,,,,
03/30/79,,,,
03/23/79,,,,
03/16/79,,,,
03/09/79,,,,
03/02/79,,,,
02/23/79,,,,
02/16/79,,,,
02/09/79,,,,
02/02/79,,,,
01/26/79,,,,
01/19/79,,,,
01/12/79,,,,
01/05/79,,,,
12/29/78,,,,
12/22/78,,,,
12/15/78,,,,
12/08/78,,,,
12/01/78,,,,
11/24/78,,,,
11/17/78,,,,
11/10/78,,,,
11/03/78,,,,
10/27/78,,,,
10/20/78,,,,
10/13/78,,,,
10/06/78,,,,
09/29/78,,,,
09/22/78,,,,
09/15/78,,,,
09/08/78,,,,
09/01/78,,,,
08/25/78,,,,
08/18/78,,,,
08/11/78,,,,
08/04/78,,,,
07/28/78,,,,
07/21/78,,,,
07/14/78,,,,
07/07/78,,,,
06/30/78,,,,
06/23/78,,,,
06/16/78,,,,
06/09/78,,,,
06/02/78,,,,
05/26/78,,,,
05/19/78,,,,
05/12/78,,,,
05/05/78,,,,
04/28/78,,,,
04/21/78,,,,
04/14/78,,,,
04/07/78,,,,
03/31/78,,,,
03/23/78,,,,
03/17/78,,,,
03/10/78,,,,
03/03/78,,,,
02/24/78,,,,
02/17/78,,,,
02/10/78,,,,
02/03/78,,,,
01/27/78,,,,
01/20/78,,,,
01/13/78,,,,
01/06/78,,,,
12/30/77,,,,
12/23/77,,,,
12/16/77,,,,
12/09/77,,,,
12/02/77,,,,
11/25/77,,,,
11/18/77,,,,
11/11/77,,,,
11/04/77,,,,
10/28/77,,,,
10/21/77,,,,
10/14/77,,,,
10/07/77,,,,
09/30/77,,,,
09/23/77,,,,
09/16/77,,,,
09/09/77,,,,
09/02/77,,,,
08/26/77,,,,
08/19/77,,,,
08/12/77,,,,
08/05/77,,,,
07/29/77,,,,
07/22/77,,,,
07/15/77,,,,
07/08/77,,,,
07/01/77,,,,
06/24/77,,,,
06/17/77,,,,
06/10/77,,,,
06/03/77,,,,
05/27/77,,,,
05/20/77,,,,
05/13/77,,,,
05/06/77,,,,
04/29/77,,,,
04/22/77,,,,
04/15/77,,,,
04/07/77,,,,
04/01/77,,,,
03/25/77,,,,
03/18/77,,,,
03/11/77,,,,
03/04/77,,,,
02/25/77,,,,
02/18/77,,,,
02/11/77,,,,
02/04/77,,,,
01/28/77,,,,
01/21/77,,,,
01/14/77,,,,
01/07/77,,,,
12/31/76,,,,
12/23/76,,,,
12/17/76,,,,
12/10/76,,,,
12/03/76,,,,
11/26/76,,,,
11/19/76,,,,
11/12/76,,,,
11/05/76,,,,
10/29/76,,,,
10/22/76,,,,
10/15/76,,,,
10/08/76,,,,
10/01/76,,,,
09/24/76,,,,
09/17/76,,,,
09/10/76,,,,
09/03/76,,,,
08/27/76,,,,
08/20/76,,,,
08/13/76,,,,
08/06/76,,,,
07/30/76,,,,
07/23/76,,,,
07/16/76,,,,
07/09/76,,,,
07/02/76,,,,
06/25/76,,,,
06/18/76,,,,
06/11/76,,,,
06/04/76,,,,
05/28/76,,,,
05/21/76,,,,
05/14/76,,,,
05/07/76,,,,
04/30/76,,,,
04/23/76,,,,
04/15/76,,,,
04/09/76,,,,
04/02/76,,,,
03/26/76,,,,
03/19/76,,,,
03/12/76,,,,
03/05/76,,,,
02/27/76,,,,
02/20/76,,,,
02/13/76,,,,
02/06/76,,,,
01/30/76,,,,
01/23/76,,,,
01/16/76,,,,
01/09/76,,,,
01/02/76,,,,
12/26/75,,,,
12/19/75,,,,
12/12/75,,,,
12/05/75,,,,
11/28/75,,,,
11/21/75,,,,
11/14/75,,,,
11/07/75,,,,
10/31/75,,,,
10/24/75,,,,
10/17/75,,,,
10/10/75,,,,
10/03/75,,,,
09/26/75,,,,
09/19/75,,,,
09/12/75,,,,
09/05/75,,,,
08/29/75,,,,
08/22/75,,,,
08/15/75,,,,
08/08/75,,,,
08/01/75,,,,
07/25/75,,,,
07/18/75,,,,
07/11/75,,,,
07/03/75,,,,
06/27/75,,,,
06/20/75,,,,
06/13/75,,,,
06/06/75,,,,
05/30/75,,,,
05/23/75,,,,
05/16/75,,,,
05/09/75,,,,
05/02/75,,,,
04/25/75,,,,
04/18/75,,,,
04/11/75,,,,
04/04/75,,,,
03/27/75,,,,
03/21/75,,,,
03/14/75,,,,
03/07/75,,,,
02/28/75,,,,
02/21/75,,,,
02/14/75,,,,
02/07/75,,,,
01/31/75,,,,
01/24/75,,,,
01/17/75,,,,
01/10/75,,,,
01/03/75,,,,
12/27/74,,,,
12/20/74,,,,
12/13/74,,,,
12/06/74,,,,
11/29/74,,,,
11/22/74,,,,
11/15/74,,,,
11/08/74,,,,
11/01/74,,,,
10/25/74,,,,
10/18/74,,,,
10/11/74,,,,
10/04/74,,,,
09/27/74,,,,
09/20/74,,,,
09/13/74,,,,
09/06/74,,,,
08/30/74,,,,
08/23/74,,,,
08/16/74,,,,
08/09/74,,,,
08/02/74,,,,
07/26/74,,,,
07/19/74,,,,
07/12/74,,,,
07/05/74,,,,
06/28/74,,,,
06/21/74,,,,
06/14/74,,,,
06/07/74,,,,
05/31/74,,,,
05/24/74,,,,
05/17/74,,,,
05/10/74,,,,
05/03/74,,,,
04/26/74,,,,
04/19/74,,,,
04/11/74,,,,
04/05/74,,,,
03/29/74,,,,
03/22/74,,,,
03/15/74,,,,
03/08/74,,,,
03/01/74,,,,
02/22/74,,,,
02/15/74,,,,
02/08/74,,,,
02/01/74,,,,
01/25/74,,,,
01/18/74,,,,
01/11/74,,,,
01/04/74,,,,
12/28/73,,,,
12/21/73,,,,
12/14/73,,,,
12/07/73,,,,
11/30/73,,,,
11/23/73,,,,
11/16/73,,,,
11/09/73,,,,
11/02/73,,,,
10/26/73,,,,
10/19/73,,,,
10/12/73,,,,
10/05/73,,,,
09/28/73,,,,
09/21/73,,,,
09/14/73,,,,
09/07/73,,,,
08/31/73,,,,
08/24/73,,,,
08/17/73,,,,
08/10/73,,,,
08/03/73,,,,
07/27/73,,,,
07/20/73,,,,
07/13/73,,,,
07/06/73,,,,
06/29/73,,,,
06/22/73,,,,
06/15/73,,,,
06/08/73,,,,
06/01/73,,,,
05/25/73,,,,
05/18/73,,,,
05/11/73,,,,
05/04/73,,,,
04/27/73,,,,
04/19/73,,,,
04/13/73,,,,
04/06/73,,,,
03/30/73,,,,
03/23/73,,,,
03/16/73,,,,
03/09/73,,,,
03/02/73,,,,
02/23/73,,,,
02/16/73,,,,
02/09/73,,,,
02/02/73,,,,
01/26/73,,,,
01/19/73,,,,
01/12/73,,,,
01/05/73,,,,
12/29/72,,,,
12/22/72,,,,
12/15/72,,,,
12/08/72,,,,
12/01/72,,,,
11/24/72,,,,
11/17/72,,,,
11/10/72,,,,
11/03/72,,,,
10/27/72,,,,
10/20/72,,,,
10/13/72,,,,
10/06/72,,,,
09/29/72,,,,
09/22/72,,,,
09/15/72,,,,
09/08/72,,,,
09/01/72,,,,
08/25/72,,,,
08/18/72,,,,
08/11/72,,,,
08/04/72,,,,
07/28/72,,,,
07/21/72,,,,
07/14/72,,,,
07/07/72,,,,
06/30/72,,,,
06/23/72,,,,
06/16/72,,,,
06/09/72,,,,
06/02/72,,,,
05/26/72,,,,
05/19/72,,,,
05/12/72,,,,
05/05/72,,,,
04/28/72,,,,
04/21/72,,,,
04/14/72,,,,
04/07/72,,,,
03/30/72,,,,
03/24/72,,,,
03/17/72,,,,
03/10/72,,,,
03/03/72,,,,
02/25/72,,,,
02/18/72,,,,
02/11/72,,,,
02/04/72,,,,
01/28/72,,,,
01/21/72,,,,
01/14/72,,,,
01/07/72,,,,
12/31/71,,,,
12/23/71,,,,
12/17/71,,,,
12/10/71,,,,
12/03/71,,,,
11/26/71,,,,
11/19/71,,,,
11/12/71,,,,
11/05/71,,,,
10/29/71,,,,
10/22/71,,,,
10/15/71,,,,
10/08/71,,,,
10/01/71,,,,
09/24/71,,,,
09/17/71,,,,
09/10/71,,,,
09/03/71,,,,
08/27/71,,,,
08/20/71,,,,
08/13/71,,,,
08/06/71,,,,
07/30/71,,,,
07/23/71,,,,
07/16/71,,,,
07/09/71,,,,
07/02/71,,,,
06/25/71,,,,
06/18/71,,,,
06/11/71,,,,
06/04/71,,,,
05/28/71,,,,
05/21/71,,,,
05/14/71,,,,
05/07/71,,,,
04/30/71,,,,
04/23/71,,,,
04/16/71,,,,
04/08/71,,,,
04/02/71,,,,
03/26/71,,,,
03/19/71,,,,
03/12/71,,,,
03/05/71,,,,
02/26/71,,,,
02/19/71,,,,
02/12/71,,,,
02/05/71,,,,
01/29/71,,,,
01/22/71,,,,
01/15/71,,,,
01/08/71,,,,
12/31/70,,,,
12/24/70,,,,
12/18/70,,,,
12/11/70,,,,
12/04/70,,,,
11/27/70,,,,
11/20/70,,,,
11/13/70,,,,
11/06/70,,,,
10/30/70,,,,
10/23/70,,,,
10/16/70,,,,
10/09/70,,,,
10/02/70,,,,
09/25/70,,,,
09/18/70,,,,
09/11/70,,,,
09/04/70,,,,
08/28/70,,,,
08/21/70,,,,
08/14/70,,,,
08/07/70,,,,
07/31/70,,,,
07/24/70,,,,
07/17/70,,,,
07/10/70,,,,
07/02/70,,,,
06/26/70,,,,
06/19/70,,,,
06/12/70,,,,
06/05/70,,,,
05/29/70,,,,
05/22/70,,,,
05/15/70,,,,
05/08/70,,,,
05/01/70,,,,
04/24/70,,,,
04/17/70,,,,
04/10/70,,,,
04/03/70,,,,
03/26/70,,,,
03/20/70,,,,
03/13/70,,,,
03/06/70,,,,
02/27/70,,,,
02/20/70,,,,
02/13/70,,,,
02/06/70,,,,
01/30/70,,,,
01/23/70,,,,
01/16/70,,,,
01/09/70,,,,
01/02/70,,,,
12/26/69,,,,
12/19/69,,,,
12/12/69,,,,
12/05/69,,,,
11/28/69,,,,
11/21/69,,,,
11/14/69,,,,
11/07/69,,,,
10/31/69,,,,
10/24/69,,,,
10/17/69,,,,
10/10/69,,,,
10/03/69,,,,
09/26/69,,,,
09/19/69,,,,
09/12/69,,,,
09/05/69,,,,
08/29/69,,,,
08/22/69,,,,
08/15/69,,,,
08/08/69,,,,
08/01/69,,,,
07/25/69,,,,
07/18/69,,,,
07/11/69,,,,
07/03/69,,,,
06/27/69,,,,
06/20/69,,,,
06/13/69,,,,
06/06/69,,,,
05/29/69,,,,
05/23/69,,,,
05/16/69,,,,
05/09/69,,,,
05/02/69,,,,
04/25/69,,,,
04/18/69,,,,
04/11/69,,,,
04/03/69,,,,
03/28/69,,,,
03/21/69,,,,
03/14/69,,,,
03/07/69,,,,
02/28/69,,,,
02/20/69,,,,
02/14/69,,,,
02/07/69,,,,
01/31/69,,,,
01/24/69,,,,
01/17/69,,,,
01/10/69,,,,
01/03/69,,,,
12/27/68,,,,
12/20/68,,,,
12/13/68,,,,
12/06/68,,,,
11/29/68,,,,
11/22/68,,,,
11/15/68,,,,
11/08/68,,,,
11/01/68,,,,
10/25/68,,,,
10/18/68,,,,
10/11/68,,,,
10/04/68,,,,
09/27/68,,,,
09/20/68,,,,
09/13/68,,,,
09/06/68,,,,
08/30/68,,,,
08/23/68,,,,
08/16/68,,,,
08/09/68,,,,
08/02/68,,,,
07/26/68,,,,
07/19/68,,,,
07/12/68,,,,
07/04/68,,,,
06/28/68,,,,
06/21/68,,,,
06/14/68,,,,
06/07/68,,,,
05/31/68,,,,
05/24/68,,,,
05/17/68,,,,
05/10/68,,,,
05/03/68,,,,
04/26/68,,,,
04/19/68,,,,
04/12/68,,,,
04/05/68,,,,
03/29/68,,,,
03/22/68,,,,
03/15/68,,,,
03/08/68,,,,
03/01/68,,,,
02/23/68,,,,
02/16/68,,,,
02/09/68,,,,
02/02/68,,,,
01/26/68,,,,
01/19/68,,,,
01/12/68,,,,
01/05/68,,,,
12/29/67,,,,
12/22/67,,,,
12/15/67,,,,
12/08/67,,,,
12/01/67,,,,
11/24/67,,,,
11/17/67,,,,
11/10/67,,,,
11/03/67,,,,
10/27/67,,,,
10/20/67,,,,
10/13/67,,,,
10/06/67,,,,
09/29/67,,,,
09/22/67,,,,
09/15/67,,,,
09/08/67,,,,
09/01/67,,,,
08/25/67,,,,
08/18/67,,,,
08/11/67,,,,
08/04/67,,,,
07/28/67,,,,
07/21/67,,,,
07/14/67,,,,
07/07/67,,,,
06/30/67,,,,
06/23/67,,,,
06/16/67,,,,
06/09/67,,,,
06/02/67,,,,
05/26/67,,,,
05/19/67,,,,
05/12/67,,,,
05/05/67,,,,
04/28/67,,,,
04/21/67,,,,
04/14/67,,,,
04/07/67,,,,
03/31/67,,,,
03/23/67,,,,
03/17/67,,,,
03/10/67,,,,
03/03/67,,,,
02/24/67,,,,
02/17/67,,,,
02/10/67,,,,
02/03/67,,,,
01/27/67,,,,
01/20/67,,,,
01/13/67,,,,
01/06/67,,,,
12/30/66,,,,
12/23/66,,,,
12/16/66,,,,
12/09/66,,,,
12/02/66,,,,
11/25/66,,,,
11/18/66,,,,
11/11/66,,,,
11/04/66,,,,
10/28/66,,,,
10/21/66,,,,
10/14/66,,,,
10/07/66,,,,
09/30/66,,,,
09/23/66,,,,
09/16/66,,,,
09/09/66,,,,
09/02/66,,,,
08/26/66,,,,
08/19/66,,,,
08/12/66,,,,
08/05/66,,,,
07/29/66,,,,
07/22/66,,,,
07/15/66,,,,
07/08/66,,,,
07/01/66,,,,
06/24/66,,,,
06/17/66,,,,
06/10/66,,,,
06/03/66,,,,
05/27/66,,,,
05/20/66,,,,
05/13/66,,,,
05/06/66,,,,
04/29/66,,,,
04/22/66,,,,
04/15/66,,,,
04/07/66,,,,
04/01/66,,,,
03/25/66,,,,
03/18/66,,,,
03/11/66,,,,
03/04/66,,,,
02/25/66,,,,
02/18/66,,,,
02/11/66,,,,
02/04/66,,,,
01/28/66,,,,
01/21/66,,,,
01/14/66,,,,
01/07/66,,,,
12/31/65,,,,
12/23/65,,,,
12/17/65,,,,
12/10/65,,,,
12/03/65,,,,
11/26/65,,,,
11/19/65,,,,
11/12/65,,,,
11/05/65,,,,
10/29/65,,,,
10/22/65,,,,
10/15/65,,,,
10/08/65,,,,
10/01/65,,,,
09/24/65,,,,
09/17/65,,,,
09/10/65,,,,
09/03/65,,,,
08/27/65,,,,
08/20/65,,,,
08/13/65,,,,
08/06/65,,,,
07/30/65,,,,
07/23/65,,,,
07/16/65,,,,
07/09/65,,,,
07/02/65,,,,
06/25/65,,,,
06/18/65,,,,
06/11/65,,,,
06/04/65,,,,
05/28/65,,,,
05/21/65,,,,
05/14/65,,,,
05/07/65,,,,
04/30/65,,,,
04/23/65,,,,
04/15/65,,,,
04/09/65,,,,
04/02/65,,,,
03/26/65,,,,
03/19/65,,,,
03/12/65,,,,
03/05/65,,,,
02/26/65,,,,
02/19/65,,,,
02/12/65,,,,
02/05/65,,,,
01/29/65,,,,
01/22/65,,,,
01/15/65,,,,
01/08/65,,,,
12/31/64,,,,
12/24/64,,,,
12/18/64,,,,
12/11/64,,,,
12/04/64,,,,
11/27/64,,,,
11/20/64,,,,
11/13/64,,,,
11/06/64,,,,
10/30/64,,,,
10/23/64,,,,
10/16/64,,,,
10/09/64,,,,
10/02/64,,,,
09/25/64,,,,
09/18/64,,,,
09/11/64,,,,
09/04/64,,,,
08/28/64,,,,
08/21/64,,,,
08/14/64,,,,
08/07/64,,,,
07/31/64,,,,
07/24/64,,,,
07/17/64,,,,
07/10/64,,,,
07/02/64,,,,
06/26/64,,,,
06/19/64,,,,
06/12/64,,,,
06/05/64,,,,
05/28/64,,,,
05/22/64,,,,
05/15/64,,,,
05/08/64,,,,
05/01/64,,,,
04/24/64,,,,
04/17/64,,,,
04/10/64,,,,
04/03/64,,,,
03/26/64,,,,
03/20/64,,,,
03/13/64,,,,
03/06/64,,,,
02/28/64,,,,
02/20/64,,,,
02/14/64,,,,
02/07/64,,,,
01/31/64,,,,
01/24/64,,,,
01/17/64,,,,
01/10/64,,,,
01/03/64,,,,
12/27/63,,,,
12/20/63,,,,
12/13/63,,,,
12/06/63,,,,
11/29/63,,,,
11/22/63,,,,
11/15/63,,,,
11/08/63,,,,
11/01/63,,,,
10/25/63,,,,
10/18/63,,,,
10/11/63,,,,
10/04/63,,,,
09/27/63,,,,
09/20/63,,,,
09/13/63,,,,
09/06/63,,,,
08/30/63,,,,
08/23/63,,,,
08/16/63,,,,
08/09/63,,,,
08/02/63,,,,
07/26/63,,,,
07/19/63,,,,
07/12/63,,,,
07/05/63,,,,
06/28/63,,,,
06/21/63,,,,
06/14/63,,,,
06/07/63,,,,
05/31/63,,,,
05/24/63,,,,
05/17/63,,,,
05/10/63,,,,
05/03/63,,,,
04/26/63,,,,
04/19/63,,,,
04/11/63,,,,
04/05/63,,,,
03/29/63,,,,
03/22/63,,,,
03/15/63,,,,
03/08/63,,,,
03/01/63,,,,
02/21/63,,,,
02/15/63,,,,
02/08/63,,,,
02/01/63,,,,
01/25/63,,,,
01/18/63,,,,
01/11/63,,,,
01/04/63,,,,
12/28/62,,,,
12/21/62,,,,
12/14/62,,,,
12/07/62,,,,
11/30/62,,,,
11/23/62,,,,
11/16/62,,,,
11/09/62,,,,
11/02/62,,,,
10/26/62,,,,
10/19/62,,,,
10/12/62,,,,
10/05/62,,,,
09/28/62,,,,
09/21/62,,,,
09/14/62,,,,
09/07/62,,,,
08/31/62,,,,
08/24/62,,,,
08/17/62,,,,
08/10/62,,,,
08/03/62,,,,
07/27/62,,,,
07/20/62,,,,
07/13/62,,,,
07/06/62,,,,
06/29/62,,,,
06/22/62,,,,
06/15/62,,,,
06/08/62,,,,
06/01/62,,,,
05/25/62,,,,
05/18/62,,,,
05/11/62,,,,
05/04/62,,,,
04/27/62,,,,
04/19/62,,,,
04/13/62,,,,
04/06/62,,,,
03/30/62,,,,
03/23/62,,,,
03/16/62,,,,
03/09/62,,,,
03/02/62,,,,
02/23/62,,,,
02/16/62,,,,
02/09/62,,,,
02/02/62,,,,
01/26/62,,,,
01/19/62,,,,
01/12/62,,,,
01/05/62,,,,
12/29/61,,,,
12/22/61,,,,
12/15/61,,,,
12/08/61,,,,
12/01/61,,,,
11/24/61,,,,
11/17/61,,,,
11/10/61,,,,
11/03/61,,,,
10/27/61,,,,
10/20/61,,,,
10/13/61,,,,
10/06/61,,,,
09/29/61,,,,
09/22/61,,,,
09/15/61,,,,
09/08/61,,,,
09/01/61,,,,
08/25/61,,,,
08/18/61,,,,
08/11/61,,,,
08/04/61,,,,
07/28/61,,,,
07/21/61,,,,
07/14/61,,,,
07/07/61,,,,
06/30/61,,,,
06/23/61,,,,
06/16/61,,,,
06/09/61,,,,
06/02/61,,,,
05/26/61,,,,
05/19/61,,,,
05/12/61,,,,
05/05/61,,,,
04/28/61,,,,
04/21/61,,,,
04/14/61,,,,
04/07/61,,,,
03/30/61,,,,
03/24/61,,,,
03/17/61,,,,
03/10/61,,,,
03/03/61,,,,
02/24/61,,,,
02/17/61,,,,
02/10/61,,,,
02/03/61,,,,
01/27/61,,,,
01/20/61,,,,
01/13/61,,,,
01/06/61,,,,
12/30/60,,,,
12/23/60,,,,
12/16/60,,,,
12/09/60,,,,
12/02/60,,,,
11/24/60,,,,
11/18/60,,,,
11/11/60,,,,
11/04/60,,,,
10/28/60,,,,
10/21/60,,,,
10/14/60,,,,
10/07/60,,,,
09/30/60,,,,
09/23/60,,,,
09/16/60,,,,
09/09/60,,,,
09/02/60,,,,
08/26/60,,,,
08/19/60,,,,
08/12/60,,,,
08/05/60,,,,
07/29/60,,,,
07/22/60,,,,
07/15/60,,,,
07/08/60,,,,
07/01/60,,,,
06/24/60,,,,
06/17/60,,,,
06/10/60,,,,
06/03/60,,,,
05/27/60,,,,
05/20/60,,,,
05/13/60,,,,
05/06/60,,,,
04/29/60,,,,
04/22/60,,,,
04/14/60,,,,
04/08/60,,,,
04/01/60,,,,
03/25/60,,,,
03/18/60,,,,
03/11/60,,,,
03/04/60,,,,
02/26/60,,,,
02/19/60,,,,
02/12/60,,,,
02/05/60,,,,
01/29/60,,,,
01/22/60,,,,
01/15/60,,,,
01/08/60,,,,
12/31/59,,,,
12/24/59,,,,
12/18/59,,,,
12/11/59,,,,
12/04/59,,,,
11/27/59,,,,
11/20/59,,,,
11/13/59,,,,
11/06/59,,,,
10/30/59,,,,
10/23/59,,,,
10/16/59,,,,
10/09/59,,,,
10/02/59,,,,
09/25/59,,,,
09/18/59,,,,
09/11/59,,,,
09/04/59,,,,
08/28/59,,,,
08/21/59,,,,
08/14/59,,,,
08/07/59,,,,
07/31/59,,,,
07/24/59,,,,
07/17/59,,,,
07/10/59,,,,
07/02/59,,,,
06/26/59,,,,
06/19/59,,,,
06/12/59,,,,
06/05/59,,,,
05/29/59,,,,
05/22/59,,,,
05/15/59,,,,
05/08/59,,,,
05/01/59,,,,
04/24/59,,,,
04/17/59,,,,
04/10/59,,,,
04/03/59,,,,
03/26/59,,,,
03/20/59,,,,
03/13/59,,,,
03/06/59,,,,
02/27/59,,,,
02/20/59,,,,
02/13/59,,,,
02/06/59,,,,
01/30/59,,,,
01/23/59,,,,
01/16/59,,,,
01/09/59,,,,
01/02/59,,,,
12/24/58,,,,
12/19/58,,,,
12/12/58,,,,
12/05/58,,,,
11/28/58,,,,
11/21/58,,,,
11/14/58,,,,
11/07/58,,,,
10/31/58,,,,
10/24/58,,,,
10/17/58,,,,
10/10/58,,,,
10/03/58,,,,
09/26/58,,,,
09/19/58,,,,
09/12/58,,,,
09/05/58,,,,
08/29/58,,,,
08/22/58,,,,
08/15/58,,,,
08/08/58,,,,
08/01/58,,,,
07/25/58,,,,
07/18/58,,,,
07/11/58,,,,
07/03/58,,,,
06/27/58,,,,
06/20/58,,,,
06/13/58,,,,
06/06/58,,,,
05/29/58,,,,
05/23/58,,,,
05/16/58,,,,
05/09/58,,,,
05/02/58,,,,
04/25/58,,,,
04/18/58,,,,
04/11/58,,,,
04/03/58,,,,
03/28/58,,,,
03/21/58,,,,
03/14/58,,,,
03/07/58,,,,
02/28/58,,,,
02/21/58,,,,
02/14/58,,,,
02/07/58,,,,
01/31/58,,,,
01/24/58,,,,
01/17/58,,,,
01/10/58,,,,
01/03/58,,,,
12/27/57,,,,
12/20/57,,,,
12/13/57,,,,
12/06/57,,,,
11/29/57,,,,
11/22/57,,,,
11/15/57,,,,
11/08/57,,,,
11/01/57,,,,
10/25/57,,,,
10/18/57,,,,
10/11/57,,,,
10/04/57,,,,
09/27/57,,,,
09/20/57,,,,
09/13/57,,,,
09/06/57,,,,
08/30/57,,,,
08/23/57,,,,
08/16/57,,,,
08/09/57,,,,
08/02/57,,,,
07/26/57,,,,
07/19/57,,,,
07/12/57,,,,
07/05/57,,,,
06/28/57,,,,
06/21/57,,,,
06/14/57,,,,
06/07/57,,,,
05/31/57,,,,
05/24/57,,,,
05/17/57,,,,
05/10/57,,,,
05/03/57,,,,
04/26/57,,,,
04/18/57,,,,
04/12/57,,,,
04/05/57,,,,
03/29/57,,,,
03/22/57,,,,
03/15/57,,,,
03/08/57,,,,
03/01/57,,,,
02/21/57,,,,
02/15/57,,,,
02/08/57,,,,
02/01/57,,,,
01/25/57,,,,
01/18/57,,,,
01/11/57,,,,
01/04/57,,,,
