observation_date,avg_price_beef_stew,avg_price_ground_chuck,avg_price_all_uncooked_ground,avg_price_ground_beef,avg_price_beef_steaks,avg_price_steak_sirloin,avg_price_ground_lean,avg_price_chuck_roast,avg_price_steak,avg_price_beef_roast,avg_price_round_roast,avg_price_chicken,avg_price_ham,avg_price_pork,corn_futures_settlement_price,corn_futures_CVol,index_dec_2011,live_cattle_futures_settlement_price,live_cattle_futures_CVol,feeder_cattle_futures_settlement_price,feeder_cattle_futures_CVol,cpi,wpi,ulsd_price
1991-01-01,2.586,1.996,,1.647,,4.293,2.184,2.622,3.389,,3.082,0.886,,,2.37,103832.5,,0.78,6100.0,0.91,,,,
1991-02-01,2.528,1.992,,1.632,,4.234,2.176,2.602,3.386,,3.038,0.903,,,2.405,79056.25,,0.8,8721.0,0.9,,,,
1991-03-01,2.663,1.971,,1.61,,4.342,2.151,2.619,3.473,,3.081,0.899,,,2.512,33620.0,,0.81,4499.0,0.9,,,,
1991-04-01,2.588,1.98,,1.611,,4.371,2.184,2.631,3.482,,3.106,0.885,,,2.6375,69848.75,,0.76,6634.0,0.89,,,,
1991-05-01,2.613,1.988,,1.624,,4.452,2.188,2.588,3.488,,3.102,0.883,,,2.4859999999999998,97110.0,,0.76,5120.0,0.89,,,,
1991-06-01,2.572,1.987,,1.604,,4.41,2.143,2.599,3.447,,3.01,0.878,,,2.3725,114606.25,,0.72,4269.0,0.88,,,,
1991-07-01,2.592,1.96,,1.586,,4.407,2.146,2.515,3.412,,3.015,0.888,,,2.35,131081.25,,0.73,10245.0,0.88,,,,
1991-08-01,2.609,1.97,,1.578,,4.38,2.167,2.51,3.355,,3.001,0.869,,,2.568,117734.0,,0.7,5558.0,0.84,,,,
1991-09-01,2.578,1.95,,1.553,,4.229,2.131,2.464,3.362,,2.943,0.874,,,2.5025,147988.75,,0.77,5767.0,0.86,,,,
1991-10-01,2.591,1.942,,1.552,,4.19,2.137,2.465,3.328,,2.94,0.878,,,2.5125,130000.0,,0.74,12120.0,0.85,,,,
1991-11-01,2.609,1.949,,1.567,,4.152,2.181,2.553,3.384,,2.998,0.857,,,2.476,95138.0,,0.75,2517.0,0.82,,,,
1991-12-01,2.594,1.932,,1.577,,4.018,2.142,2.547,3.38,,2.96,0.864,,,2.52,105486.25,,0.72,7409.0,0.78,,,,
1992-01-01,2.557,1.926,,1.601,,4.03,2.184,2.49,3.404,,3.024,0.878,,,2.58,106678.0,,0.77,5994.0,0.79,,,,
1992-02-01,2.625,1.932,,1.587,,4.129,2.186,2.462,3.416,,2.913,0.849,,,2.6825,104076.25,,0.77,7333.0,0.78,,,,
1992-03-01,2.652,1.972,,1.545,,4.189,2.186,2.603,3.452,,2.999,0.859,,,2.72,108466.25,,0.79,11013.0,0.8,,,,
1992-04-01,2.64,1.949,,1.563,,4.249,2.174,2.569,3.451,,3.011,0.861,,,2.555,82432.5,,0.73,6554.0,0.79,,,,
1992-05-01,2.601,1.924,,1.545,,4.173,2.158,2.512,3.388,,2.989,0.854,,,2.5780000000000003,117983.0,,0.72,6184.0,0.75,,,,
1992-06-01,2.599,1.917,,1.535,,4.326,2.155,2.515,3.395,,2.949,0.861,,,2.58,73876.25,,0.72,5548.0,0.79,,,,
1992-07-01,2.465,1.857,,1.487,,4.312,2.092,2.479,3.334,,2.966,0.878,,,2.3619999999999997,106356.0,,0.74,4499.0,0.84,,,,
1992-08-01,2.522,1.88,,1.533,,4.278,2.127,2.422,3.342,,2.941,0.882,,,2.1925,119371.25,,0.74,4174.0,0.84,,,,
1992-09-01,2.566,1.894,,1.521,,4.349,2.129,2.469,3.322,,3.0,0.881,,,2.1825,103172.5,,0.75,4313.0,0.83,,,,
1992-10-01,2.559,1.896,,1.546,,4.175,2.157,2.477,3.385,,3.017,0.865,,,2.082,114321.0,,0.74,3858.0,0.84,,,,
1992-11-01,2.575,1.909,,1.535,,4.247,2.155,2.487,3.383,,2.978,0.885,,,2.145,130067.5,,0.77,6905.0,0.84,,,,
1992-12-01,2.559,1.908,,1.5,,4.229,2.155,2.549,3.342,,3.012,0.879,,,2.198,76860.0,,0.77,7026.0,0.87,,,,
1993-01-01,2.579,1.97,,1.565,,4.171,2.209,2.529,3.425,,3.095,0.875,,,2.175,73486.25,,0.77,4677.0,0.84,,,,
1993-02-01,2.597,1.957,,1.562,,4.427,2.194,2.568,3.442,,3.164,0.871,,,2.12,65853.75,,0.8,7970.0,0.84,,,,
1993-03-01,2.642,1.984,,1.562,,4.424,2.209,2.545,3.427,,3.084,0.879,,,2.21,18807.5,,0.76,9428.0,0.86,,,,
1993-04-01,2.617,2.0,,1.588,,4.511,2.223,2.554,3.492,,3.088,0.874,,,2.342,96971.0,,0.77,4502.0,0.86,,,,
1993-05-01,2.646,1.975,,1.56,,4.602,2.228,2.567,3.467,,3.074,0.888,,,2.28,69245.0,,0.75,2094.0,0.85,,,,
1993-06-01,2.562,1.933,,1.562,,4.608,2.189,2.55,3.456,,3.074,0.891,,,2.2075,102378.75,,0.75,4279.0,0.88,,,,
1993-07-01,2.605,1.945,,1.577,,4.51,2.22,2.596,3.372,,3.034,0.89,,,2.488,239090.0,,0.76,3416.0,0.88,,,,
1993-08-01,2.55,1.911,,1.573,,4.415,2.228,2.5,3.329,,3.004,0.896,,,2.435,156172.5,,0.75,5302.0,0.87,,,,
1993-09-01,2.569,1.886,,1.551,,4.389,2.22,2.474,3.354,,3.056,0.897,,,2.4125,167698.75,,0.74,5422.0,0.86,,,,
1993-10-01,2.508,1.913,,1.556,,4.304,2.235,2.535,3.33,,3.009,0.893,,,2.492,155486.0,,0.74,5491.0,0.86,,,,
1993-11-01,2.584,1.922,,1.6,,4.263,2.245,2.526,3.363,,3.008,0.918,,,2.7675,129577.5,,0.73,9089.0,0.81,,,,
1993-12-01,2.555,1.907,,1.574,,4.261,2.249,2.471,3.322,,3.015,0.91,,,2.972,126161.25,,0.73,2240.0,0.83,,,,
1994-01-01,2.569,1.892,,1.561,,4.238,2.219,2.442,3.319,,3.059,0.899,,,3.0175,121768.75,,0.76,5553.0,0.82,,,,
1994-02-01,2.572,1.882,,1.555,,4.197,2.234,2.492,3.267,,3.037,0.888,,,2.9175,115165.0,,0.77,9520.0,0.82,,,,
1994-03-01,2.532,1.904,,1.576,,4.163,2.208,2.503,3.293,,3.053,0.891,,,2.8259999999999996,110258.0,,0.77,8301.0,0.82,,,,
1994-04-01,2.58,1.872,,1.482,,4.319,2.213,2.482,3.35,,3.031,0.899,,,2.6825,112716.25,,0.71,6455.0,0.78,,,,
1994-05-01,2.535,1.857,,1.489,,4.4,2.222,2.499,3.309,,3.036,0.902,,,2.6425,104000.0,,0.66,8608.0,0.74,,,,
1994-06-01,2.541,1.865,,1.511,,4.29,2.181,2.39,3.22,,2.96,0.918,,,2.6875,98120.0,,0.64,7204.0,0.75,,,,
1994-07-01,2.472,1.797,,1.456,,4.307,2.16,2.355,3.162,,2.927,0.92,,,2.262,85715.0,,0.72,4702.0,0.79,,,,
1994-08-01,2.542,1.841,,1.46,,4.228,2.123,2.466,3.163,,2.938,0.905,,,2.22,57641.25,,0.71,5446.0,0.75,,,,
1994-09-01,2.538,1.853,,1.463,,4.265,2.145,2.431,3.295,,3.016,0.901,,,2.198,100660.0,,0.69,8344.0,0.73,,,,
1994-10-01,2.554,1.857,,1.416,,4.172,2.168,2.443,3.204,,2.934,0.889,,,2.16,126528.75,,0.7,5426.0,0.76,,,,
1994-11-01,2.482,1.826,,1.376,,4.265,2.146,2.401,3.227,,2.891,0.904,,,2.185,94431.25,,0.67,15471.0,0.73,,,,
1994-12-01,2.493,1.838,,1.38,,4.209,2.137,2.448,3.244,,2.913,0.895,,,2.298,98662.0,,0.73,7026.0,0.76,,,,
1995-01-01,2.504,1.847,,1.381,,4.19,2.17,2.423,3.288,,3.009,0.897,,,2.33,93991.25,,0.74,7793.0,0.73,,,,
1995-02-01,2.477,1.859,,1.426,,4.19,2.168,2.454,3.254,,2.985,0.893,,,2.335,93028.75,,0.74,11933.0,0.71,,,,
1995-03-01,2.533,1.881,,1.392,,4.25,2.174,2.486,3.253,,2.915,0.917,,,2.46,86305.0,,0.67,8015.0,0.65,,,,
1995-04-01,2.517,1.839,,1.365,,4.214,2.159,2.415,3.291,,2.926,0.911,,,2.515,112808.75,,0.63,7443.0,0.66,,,,
1995-05-01,2.517,1.866,,1.322,,4.306,2.153,2.388,3.207,,2.964,0.891,,,2.61,83448.75,,0.61,6102.0,0.65,,,,0.525
1995-06-01,2.501,1.821,,1.333,,4.37,2.072,2.401,3.136,,2.818,0.908,,,2.7760000000000002,135407.0,,0.63,4417.0,0.66,,,,0.512
1995-07-01,2.495,1.798,,1.365,,4.401,2.016,2.363,3.209,,2.827,0.919,,,2.8875,170667.5,,0.64,7826.0,0.67,,,,0.4875
1995-08-01,2.491,1.818,,1.328,,4.296,2.035,2.362,3.113,,2.792,0.908,,,2.8049999999999997,182410.0,,0.63,10776.0,0.65,,,,0.4975
1995-09-01,2.428,1.776,,1.376,,4.158,2.056,2.41,3.153,,2.813,0.939,,,3.028,191745.0,,0.67,3993.0,0.65,,,,0.516
1995-10-01,2.517,1.853,,1.371,,4.169,2.076,2.454,3.149,,2.914,0.93,,,3.245,173743.75,,0.68,5805.0,0.65,,,,0.5025
1995-11-01,2.508,1.846,,1.368,,4.155,2.053,2.451,3.221,,2.852,0.948,,,3.3049999999999997,161990.0,,0.68,4394.0,0.64,,,,0.5325
1995-12-01,2.535,1.85,,1.403,,4.011,2.038,2.498,3.197,,2.766,0.939,,,3.5119999999999996,183749.0,,0.66,5704.0,0.61,,,,0.5740000000000001
1996-01-01,2.531,1.799,,1.35,,4.179,2.045,2.44,3.225,,2.868,0.941,,,3.6225,202490.0,,0.64,9138.0,0.57,,,,0.55
1996-02-01,2.53,1.796,,1.403,,4.162,2.03,2.444,3.124,,2.829,0.94,,,3.7275,155901.25,,0.64,8645.0,0.58,,,,0.62
1996-03-01,2.512,1.764,,1.375,,4.235,2.042,2.431,3.084,,2.819,0.933,,,3.9159999999999995,212095.0,,0.62,7556.0,0.55,,,,0.654
1996-04-01,2.515,1.808,,1.354,,4.232,2.045,2.44,3.119,,2.682,0.947,,,4.545,235576.25,,0.57,11052.0,0.51,,2.8,2.5,0.705
1996-05-01,2.493,1.736,,1.319,,4.193,1.973,2.39,3.074,,2.716,0.949,,,4.811999999999999,165940.0,,0.65,6009.0,0.58,,2.8,2.4,0.604
1996-06-01,2.434,1.734,,1.324,,4.302,2.013,2.333,3.079,,2.707,0.968,,,4.3875,151856.25,,0.66,7428.0,0.6,,2.8,2.7,0.54
1996-07-01,2.473,1.803,,1.352,,4.201,2.032,2.318,3.076,,2.683,0.972,,,3.4825,248940.0,,0.69,5039.0,0.62,,2.9,2.5,0.57
1996-08-01,2.479,1.823,,1.391,,4.274,2.055,2.434,3.029,,2.742,0.99,,,3.3619999999999997,125043.0,,0.72,3928.0,0.63,,2.8,2.9,0.618
1996-09-01,2.408,1.797,,1.36,,4.2,2.046,2.424,3.139,,2.824,1.006,,,3.18,188068.75,,0.68,7543.0,0.64,,3.0,2.8,0.695
1996-10-01,2.496,1.844,,1.371,,4.087,2.07,2.47,3.137,,2.915,1.021,,,2.8225,199943.75,,0.67,7464.0,0.62,,3.1,3.1,0.7424999999999999
1996-11-01,2.56,1.867,,1.403,,4.219,2.063,2.489,3.126,,2.864,1.003,,,2.69,159223.0,,0.67,4195.0,0.66,,3.3,3.0,0.718
1996-12-01,2.56,1.848,,1.424,,4.225,2.051,2.471,3.222,,2.953,1.002,,,2.6525,124173.75,,0.65,7469.0,0.68,,3.4,2.8,0.7275
1997-01-01,2.541,1.85,,1.409,,4.172,2.06,2.44,3.132,,2.88,1.016,,,2.678,164223.0,,0.67,4870.0,0.7,,3.0,2.5,0.7
1997-02-01,2.505,1.857,,1.398,,4.03,2.073,2.441,3.139,,2.907,1.008,,,2.8325,159497.5,,0.7,9372.0,0.69,,3.0,2.3,0.61
1997-03-01,2.473,1.822,,1.356,,4.128,2.026,2.449,3.145,,2.889,1.009,,,3.0425,220250.0,,0.65,7058.0,0.69,,2.8,1.6,0.58
1997-04-01,2.524,1.831,,1.381,,4.216,2.039,2.422,3.079,,2.866,1.002,,,2.9725,220911.25,,0.65,8274.0,0.73,,2.4,0.7,0.59
1997-05-01,2.542,1.854,,1.382,,4.225,2.071,2.419,3.168,,2.803,1.007,,,2.816,148228.0,,0.65,6376.0,0.78,,2.2,0.5,0.5740000000000001
1997-06-01,2.524,1.848,,1.408,,4.203,2.059,2.385,3.032,,2.798,0.993,,,2.62,130257.5,,0.64,8862.0,0.81,,2.2,0.0,0.525
1997-07-01,2.477,1.802,,1.402,,4.237,2.071,2.425,3.056,,2.764,1.005,,,2.4175,135985.0,,0.71,5606.0,0.82,,2.2,-0.2,0.535
1997-08-01,2.528,1.841,,1.394,,4.374,2.071,2.468,3.069,,2.776,0.988,,,2.6719999999999997,182039.0,,0.67,8561.0,0.79,,2.3,-0.2,0.546
1997-09-01,2.481,1.844,,1.42,,4.304,2.061,2.477,3.082,,2.759,0.992,,,2.62,226988.75,,0.67,8508.0,0.78,,2.2,-0.1,0.5525
1997-10-01,2.472,1.847,,1.406,,4.206,2.059,2.423,3.08,,2.779,0.984,,,2.8099999999999996,276303.0,,0.68,7527.0,0.78,,2.1,-0.4,0.592
1997-11-01,2.515,1.851,,1.409,,4.225,2.047,2.406,3.093,,2.81,1.018,,,2.7824999999999998,165263.75,,0.69,1639.0,0.8,,1.9,-0.7,0.5675
1997-12-01,2.513,1.811,,1.392,,4.166,2.058,2.447,3.093,,2.782,1.001,,,2.7175000000000002,194720.0,,0.66,3633.0,0.76,,1.7,-1.1,0.525
1998-01-01,2.589,1.818,1.846,1.457,3.642,4.151,2.058,2.317,3.1,2.643,2.774,1.022,2.281,1.77,2.698,32129.2,,0.67,7021.0,0.79,,1.6,-1.7,0.476
1998-02-01,2.548,1.798,1.823,1.398,3.62,4.099,2.04,2.307,3.099,2.663,2.738,1.007,2.258,1.764,2.6725000000000003,25975.75,,0.64,8381.0,0.75,,1.4,-1.6,0.4575
1998-03-01,2.594,1.842,1.838,1.413,3.65,4.102,2.05,2.362,3.154,2.673,2.726,1.032,2.303,1.734,2.6950000000000003,35756.75,,0.64,8883.0,0.74,,1.4,-1.6,0.435
1998-04-01,2.581,1.841,1.83,1.419,3.665,4.206,2.046,2.332,3.204,2.644,2.751,1.029,2.025,1.702,2.5324999999999998,34906.5,,0.7,15474.0,0.75,,1.4,-0.8,0.4475
1998-05-01,2.584,1.796,1.829,1.411,3.656,4.175,2.042,2.363,3.041,2.658,2.756,1.032,2.124,1.744,2.478,27157.4,,0.66,6102.0,0.75,,1.7,-0.8,0.44000000000000006
1998-06-01,2.6,1.796,1.825,1.388,3.713,4.397,2.051,2.334,2.995,2.615,2.652,1.016,2.164,1.773,2.48,38769.5,,0.65,7155.0,0.72,,1.6,-0.7,0.40249999999999997
1998-07-01,2.546,1.768,1.834,1.447,3.671,4.249,2.045,2.308,3.096,2.64,2.719,1.033,2.238,1.765,2.368,34710.4,,0.6,5039.0,0.67,,1.7,-0.2,0.386
1998-08-01,2.532,1.823,1.847,1.426,3.676,4.222,2.082,2.398,3.083,2.687,2.72,1.059,2.191,1.743,2.14,32244.0,,0.59,10004.0,0.68,,1.6,-0.8,0.3725
1998-09-01,2.504,1.806,1.835,1.361,3.656,4.089,2.083,2.357,3.129,2.664,2.691,1.074,2.191,1.744,2.08,39853.75,,0.62,3782.0,0.68,,1.4,-0.9,0.435
1998-10-01,2.476,1.809,1.845,1.393,3.641,4.157,2.093,2.364,3.001,2.641,2.699,1.076,2.23,1.669,2.186,44919.6,,0.65,7866.0,0.71,,1.5,-0.8,0.422
1998-11-01,2.546,1.809,1.855,1.442,3.674,4.182,2.074,2.419,3.087,2.666,2.758,1.084,2.19,1.685,2.19,28768.75,,0.63,5355.0,0.71,,1.5,-0.6,0.37
1998-12-01,2.547,1.818,1.841,1.388,3.694,4.242,2.081,2.398,3.083,2.694,2.747,1.06,2.123,1.658,2.2039999999999997,29535.8,,0.61,3173.0,0.69,,1.6,-0.1,0.328
1999-01-01,2.534,1.834,1.849,1.382,3.69,4.28,2.093,2.361,3.064,2.654,2.739,1.072,2.169,1.632,2.1725000000000003,28237.25,,0.65,5930.0,0.73,,1.7,0.8,0.34
1999-02-01,2.527,1.862,1.887,1.431,3.676,4.22,2.118,2.399,3.114,2.668,2.757,1.064,2.127,1.646,2.1475,31815.0,,0.68,10258.0,0.74,,1.7,0.5,0.3125
1999-03-01,2.605,1.834,1.87,1.404,3.669,4.113,2.103,2.39,3.125,2.688,2.782,1.057,2.13,1.647,2.25,30510.75,,0.66,7453.0,0.72,,1.7,0.8,0.41000000000000003
1999-04-01,2.577,1.833,1.884,1.429,3.697,4.167,2.113,2.441,3.118,2.71,2.772,1.057,1.94,1.651,2.2060000000000004,24281.6,,0.63,7352.0,0.71,,2.3,1.1,0.454
1999-05-01,2.571,1.812,1.869,1.444,3.746,4.391,2.108,2.317,3.085,2.67,2.694,1.026,2.087,1.67,2.2,29686.0,,0.64,7285.0,0.76,,2.1,1.4,0.43
1999-06-01,2.577,1.815,1.889,1.448,3.783,4.416,2.123,2.426,3.129,2.701,2.733,1.041,2.062,1.666,2.2075,31863.25,,0.63,10524.0,0.75,,2.0,1.5,0.4525
1999-07-01,2.601,1.81,1.861,1.435,3.78,4.413,2.083,2.427,3.168,2.724,2.702,1.045,2.2,1.654,2.098,47120.0,,0.64,4878.0,0.77,,2.1,1.5,0.532
1999-08-01,2.558,1.826,1.877,1.442,3.772,4.399,2.102,2.446,3.123,2.712,2.662,1.043,2.152,1.675,2.2424999999999997,37906.5,,0.67,7544.0,0.78,,2.3,2.4,0.57
1999-09-01,2.569,1.852,1.916,1.484,3.782,4.387,2.147,2.453,3.102,2.745,2.801,1.08,2.197,1.71,2.15,42610.75,,0.69,10843.0,0.8,,2.6,3.1,0.6225
1999-10-01,2.595,1.866,1.925,1.496,3.822,4.48,2.161,2.407,3.138,2.786,2.851,1.055,2.212,1.654,2.006,42081.4,,0.69,8576.0,0.81,,2.6,2.7,0.608
1999-11-01,2.593,1.863,1.93,1.518,3.862,4.567,2.145,2.436,3.182,2.75,2.781,1.078,2.197,1.713,1.9449999999999998,29495.5,,0.7,6672.0,0.85,,2.6,3.1,0.6849999999999999
1999-12-01,2.633,1.882,1.933,1.528,3.882,4.595,2.153,2.373,3.155,2.739,2.864,1.053,2.132,1.673,1.9579999999999997,8507.75,,0.7,,0.85,,2.7,3.0,0.6799999999999999
2000-01-01,2.71,1.903,1.942,1.483,3.854,4.473,2.191,2.397,3.177,2.748,2.835,1.059,2.156,1.654,2.1825,43387.75,,0.72,8116.0,0.85,,2.8,2.7,0.8775
2000-02-01,2.718,1.894,1.946,1.516,3.868,4.486,2.185,2.432,3.244,2.821,2.968,1.046,2.183,1.692,2.19,40285.75,,0.71,6069.0,0.83,,3.2,4.1,1.01
2000-03-01,2.715,1.911,1.978,1.532,3.885,4.547,2.217,2.515,3.152,2.839,2.933,1.064,2.223,1.714,2.2960000000000003,26832.0,,0.69,4503.0,0.84,,3.8,4.4,0.774
2000-04-01,2.718,1.925,2.005,1.584,3.95,4.646,2.241,2.489,3.222,2.867,2.954,1.069,2.22,1.746,2.265,29921.25,,0.69,7893.0,0.85,,3.0,3.6,0.715
2000-05-01,2.671,1.921,2.013,1.57,4.006,4.749,2.263,2.465,3.215,2.875,2.968,1.052,2.195,1.714,2.375,16372.5,,0.67,9659.0,0.85,,3.1,3.6,0.8049999999999999
2000-06-01,2.71,1.955,2.008,1.556,4.09,4.779,2.266,2.526,3.261,2.902,2.949,1.069,2.25,1.755,2.086,30533.4,,0.67,5836.0,0.86,,3.7,4.3,0.792
2000-07-01,2.723,1.954,2.019,1.574,4.067,4.91,2.276,2.588,3.269,2.932,2.859,1.089,2.225,1.78,1.8775,12587.75,,0.69,6293.0,0.86,,3.6,4.1,0.8075
2000-08-01,2.728,1.953,2.045,1.611,4.099,4.947,2.306,2.506,3.288,2.896,2.925,1.086,2.348,1.811,1.8925,27340.25,,0.67,5541.0,0.87,,3.4,3.3,0.905
2000-09-01,2.644,1.946,2.035,1.579,4.112,4.902,2.306,2.567,3.258,2.937,2.995,1.087,2.379,1.797,1.94,38062.2,,0.71,5406.0,0.87,,3.5,3.3,0.984
2000-10-01,2.687,1.959,2.025,1.582,4.044,4.78,2.285,2.562,3.218,2.917,2.95,1.09,2.402,1.798,2.0425,38082.0,,0.73,7674.0,0.89,,3.5,3.8,0.99
2000-11-01,2.663,1.952,2.044,1.621,4.057,4.704,2.295,2.512,3.255,2.882,2.931,1.065,2.359,1.802,2.1174999999999997,36082.75,,0.72,9625.0,0.89,,3.4,3.9,1.045
2000-12-01,2.724,1.976,2.062,1.625,4.088,4.811,2.327,2.515,3.278,2.925,3.025,1.078,2.324,1.802,2.15,6104.333333333333,,0.78,5516.0,0.92,614.0,3.4,3.9,0.942
2001-01-01,2.888,2.037,2.101,1.693,4.16,4.747,2.367,2.698,3.405,3.106,3.178,1.091,2.337,1.824,2.175,61675.25,,0.77,14004.0,0.85,3634.0,3.7,4.8,0.8775
2001-02-01,2.841,2.059,2.159,1.732,4.295,4.985,2.407,2.795,3.518,3.161,3.223,1.09,2.297,1.812,2.11,26629.666666666668,,0.81,11746.0,0.88,358.0,3.5,3.9,0.8049999999999999
2001-03-01,2.93,2.057,2.169,1.74,4.342,5.131,2.425,2.819,3.552,3.165,3.156,1.103,2.373,1.803,2.122,39828.4,,0.78,10272.0,0.87,1568.0,3.0,2.8,0.756
2001-04-01,2.999,2.052,2.193,1.763,4.429,5.323,2.468,2.809,3.504,3.191,3.256,1.101,2.221,1.831,2.0875,37004.5,,0.72,5481.0,0.88,463.0,3.2,3.7,0.7975
2001-05-01,2.972,2.113,2.195,1.735,4.466,5.394,2.464,2.765,3.527,3.17,3.27,1.095,2.315,1.845,1.995,25504.25,,0.74,9089.0,0.92,1676.0,3.6,3.9,0.8
2001-06-01,2.943,2.157,2.21,1.703,4.505,5.577,2.493,2.673,3.531,3.141,3.183,1.106,2.418,1.873,2.002,41970.4,,0.74,11509.0,0.91,2681.0,3.2,2.7,0.782
2001-07-01,2.946,2.114,2.183,1.68,4.532,5.636,2.445,2.801,3.518,3.166,3.157,1.102,2.47,1.884,2.2725,46672.5,,0.74,5047.0,0.89,945.0,2.7,1.4,0.72
2001-08-01,2.979,2.101,2.21,1.634,4.411,5.456,2.536,2.817,3.393,3.191,3.233,1.11,2.445,1.886,2.288,41824.2,,0.73,8427.0,0.9,1854.0,2.7,2.0,0.744
2001-09-01,2.995,2.15,2.217,1.717,4.43,5.368,2.494,2.748,3.511,3.159,3.252,1.107,2.483,1.912,2.2125,36677.0,,0.67,8830.0,0.85,1272.0,2.6,1.7,0.745
2001-10-01,3.009,2.132,2.236,1.713,4.421,5.206,2.541,2.836,3.501,3.149,3.184,1.115,2.463,1.912,2.0875,37100.75,,0.68,7030.0,0.87,789.0,2.1,-0.4,0.6375
2001-11-01,3.022,2.143,2.225,1.747,4.393,5.249,2.499,2.882,3.543,3.191,3.251,1.133,2.382,1.847,2.088,55412.2,,0.7,5800.0,0.85,1103.0,1.9,-1.2,0.562
2001-12-01,2.984,2.161,2.22,1.713,4.349,5.192,2.508,2.78,3.464,3.125,3.18,1.109,2.416,1.852,2.145,36288.0,,0.71,5642.0,0.86,540.0,1.6,-1.8,0.5375000000000001
2002-01-01,2.952,2.152,2.211,1.734,4.375,5.169,2.461,2.732,3.524,3.094,3.181,1.091,2.352,1.892,2.1125,33285.75,,0.74,5728.0,0.84,1310.0,1.2,-2.8,0.5475
2002-02-01,2.96,2.214,2.251,1.7,4.354,5.121,2.554,2.812,3.555,3.167,3.21,1.111,2.421,1.859,2.05,36414.5,,0.74,6128.0,0.81,506.0,1.1,-2.7,0.555
2002-03-01,3.046,2.196,2.256,1.74,4.423,5.272,2.541,2.725,3.534,3.154,3.23,1.11,2.417,1.905,2.062,35529.8,,0.7,6921.0,0.79,1459.0,1.4,-1.7,0.642
2002-04-01,2.987,2.097,2.252,1.784,4.421,5.244,2.511,2.859,3.434,3.214,3.269,1.11,2.464,1.841,1.9974999999999998,38868.5,,0.64,9675.0,0.76,1438.0,1.6,-2.3,0.675
2002-05-01,2.999,2.145,2.316,1.737,4.5,5.288,2.613,2.799,3.502,3.226,3.192,1.094,2.466,1.863,2.07,36199.6,,0.6,6813.0,0.74,1676.0,1.2,-2.7,0.674
2002-06-01,2.935,2.098,2.287,1.719,4.414,5.434,2.575,2.773,3.309,3.138,3.252,1.066,2.305,1.87,2.175,45672.0,,0.64,5142.0,0.76,1436.0,1.1,-2.1,0.6625000000000001
2002-07-01,2.923,2.138,2.3,1.659,4.423,5.335,2.583,2.632,3.455,3.073,3.157,1.077,2.312,1.834,2.4450000000000003,36168.75,,0.65,6482.0,0.77,895.0,1.5,-1.1,0.695
2002-08-01,2.893,2.175,2.326,1.669,4.424,5.402,2.613,2.69,3.604,3.097,3.171,1.035,2.309,1.861,2.7,50825.4,,0.67,5266.0,0.8,948.0,1.7,-1.4,0.726
2002-09-01,2.885,2.065,2.3,1.676,4.42,5.259,2.604,2.655,3.483,3.116,3.202,1.074,2.288,1.808,2.6975,60461.0,,0.71,5520.0,0.81,617.0,1.5,-1.5,0.8
2002-10-01,2.946,2.116,2.351,1.721,4.358,5.377,2.629,2.719,3.367,3.11,3.047,1.027,2.279,1.812,2.5225,45910.5,,0.73,7924.0,0.82,606.0,2.0,0.7,0.7925
2002-11-01,2.946,2.086,2.3,1.721,4.405,5.225,2.624,2.713,3.697,3.075,3.171,1.044,2.074,1.818,2.432,41164.8,,0.75,3129.0,0.85,1074.0,2.3,1.1,0.748
2002-12-01,2.905,2.121,2.314,1.693,4.378,5.452,2.622,2.806,3.552,3.175,3.198,1.048,2.082,1.86,2.39,27677.25,,0.8,6540.0,0.84,503.0,2.5,1.2,0.8325
2003-01-01,2.863,2.131,2.315,1.722,4.416,5.424,2.6,2.796,3.72,3.226,3.362,1.004,2.05,1.846,2.356,41095.4,,0.8,5463.0,0.8,914.0,2.8,2.5,0.9199999999999999
2003-02-01,2.948,2.203,2.378,1.778,4.613,5.418,2.69,2.844,3.879,3.216,3.259,1.031,2.112,1.874,2.3625,41422.75,,0.76,11233.0,0.76,639.0,3.1,3.4,1.1949999999999998
2003-03-01,3.084,2.196,2.392,1.858,4.621,5.454,2.696,2.943,3.8,3.306,3.273,1.049,2.015,1.845,2.3325,30049.75,,0.7,3288.0,0.78,590.0,3.0,3.7,0.9875
2003-04-01,3.043,2.206,2.423,1.855,4.595,5.627,2.74,3.045,3.737,3.376,3.402,1.053,1.989,1.903,2.385,30747.0,,0.72,9520.0,0.8,780.0,2.2,2.5,0.805
2003-05-01,3.018,2.191,2.368,1.856,4.512,5.473,2.657,3.014,3.712,3.365,3.371,1.031,1.924,1.877,2.4539999999999997,47869.2,,0.7,5245.0,0.85,923.0,1.9,2.5,0.764
2003-06-01,3.005,2.239,2.389,1.932,4.736,5.862,2.645,2.962,3.773,3.319,3.248,1.033,2.037,1.949,2.385,45779.5,,0.7,8407.0,0.87,1597.0,1.9,2.8,0.7725
2003-07-01,3.043,2.194,2.399,1.878,4.751,6.016,2.672,3.01,3.605,3.398,3.331,1.027,2.063,1.91,2.15,33973.25,,0.78,5848.0,0.9,1001.0,2.1,3.0,0.805
2003-08-01,2.99,2.22,2.434,2.006,4.744,5.956,2.674,3.019,3.641,3.426,3.231,1.023,2.088,1.965,2.286,43108.6,,0.83,6912.0,0.94,1224.0,2.2,3.6,0.834
2003-09-01,3.04,2.286,2.465,2.022,4.876,5.946,2.729,2.898,3.74,3.413,3.229,1.022,2.11,1.977,2.3075,49995.0,,0.85,6128.0,0.99,1643.0,2.4,3.4,0.745
2003-10-01,3.103,2.35,2.494,2.01,5.067,6.14,2.768,3.222,3.864,3.59,3.516,1.022,2.111,1.951,2.2700000000000005,65386.2,,0.91,8565.0,1.01,1589.0,2.0,3.4,0.844
2003-11-01,3.523,2.491,2.66,2.256,5.506,7.083,2.904,3.453,4.279,3.979,3.858,1.068,2.118,2.019,2.4025,45062.25,,0.93,2279.0,0.99,789.0,1.9,3.3,0.855
2003-12-01,3.595,2.621,2.708,2.232,5.573,6.925,2.932,3.359,4.271,3.994,3.855,1.05,1.991,2.061,2.4775,46306.5,,0.74,13638.0,0.79,2098.0,2.0,3.9,0.9
2004-01-01,3.427,2.585,2.702,2.26,5.319,6.343,2.906,3.378,4.038,3.878,3.637,1.062,2.015,2.111,2.6599999999999997,54380.0,,0.73,4476.0,0.84,670.0,2.0,3.4,0.97
2004-02-01,3.335,2.558,2.692,2.25,5.326,6.337,2.892,3.334,4.172,3.896,3.752,1.06,2.035,2.04,2.875,48990.25,,0.77,6327.0,0.87,897.0,1.7,2.2,0.9550000000000001
2004-03-01,3.323,2.473,2.65,2.196,5.271,6.414,2.86,3.177,4.022,3.743,3.719,1.1,2.081,2.115,3.04,33429.25,,0.76,6436.0,0.87,1129.0,1.7,1.5,0.9525
2004-04-01,3.41,2.486,2.646,2.089,5.366,6.614,2.901,3.229,4.055,3.711,3.672,1.12,2.054,2.072,3.192,47165.4,,0.8,10831.0,0.98,1590.0,2.3,3.5,0.9640000000000001
2004-05-01,3.296,2.522,2.641,2.125,5.455,6.96,2.88,3.216,4.165,3.74,3.647,1.039,2.203,2.069,2.92,49870.0,,0.89,9328.0,1.07,1293.0,2.9,4.6,1.0525
2004-06-01,3.215,2.485,2.658,2.078,5.575,7.376,2.946,3.329,4.115,3.797,3.759,1.06,2.261,2.125,2.92,31819.25,,0.86,11226.0,1.09,2714.0,3.2,4.0,1.025
2004-07-01,3.228,2.462,2.653,2.095,5.562,7.352,2.911,3.264,4.17,3.844,3.759,1.077,2.18,2.11,2.4419999999999997,42390.0,,0.89,7442.0,1.15,949.0,2.9,3.8,1.1320000000000001
2004-08-01,3.36,2.537,2.693,2.13,5.456,6.873,2.938,3.34,4.108,3.772,3.693,1.092,2.222,2.13,2.34,43195.25,,0.85,8801.0,1.09,1548.0,2.5,3.4,1.2175
2004-09-01,3.404,2.512,2.698,2.121,5.329,6.858,2.995,3.263,4.103,3.78,3.84,1.078,2.347,2.13,2.1825,55149.5,,0.87,7500.0,1.12,1271.0,2.5,3.3,1.3025
2004-10-01,3.262,2.484,2.702,2.21,5.246,6.139,2.97,3.272,4.145,3.792,3.77,1.078,2.419,2.111,2.0460000000000003,45018.6,,0.84,18732.0,1.09,2825.0,3.2,4.4,1.532
2004-11-01,3.307,2.461,2.72,2.216,5.235,6.114,2.972,3.296,4.253,3.832,3.836,1.039,2.388,2.036,1.99,63793.25,,0.9,12256.0,1.04,1926.0,3.6,5.2,1.4275
2004-12-01,3.268,2.465,2.705,2.14,5.184,6.085,2.987,3.368,4.261,3.84,3.853,1.03,2.471,2.072,2.05,31330.0,,0.88,,1.02,,3.3,4.3,1.294
2005-01-01,3.306,2.478,2.712,2.191,5.168,6.064,2.991,3.254,4.241,3.784,3.894,1.026,2.389,2.146,1.9925,50128.5,,0.88,7001.0,1.01,1535.0,2.8,4.1,1.34
2005-02-01,3.386,2.531,2.754,2.229,5.258,5.993,3.033,3.425,4.401,3.908,4.056,1.038,2.414,2.133,2.0575,76500.0,,0.86,10299.0,0.99,1215.0,3.1,4.7,1.3675
2005-03-01,3.449,2.519,2.759,2.218,5.292,6.36,3.057,3.519,4.267,3.951,4.081,1.061,2.467,2.068,2.1825,51823.5,,0.85,8792.0,1.05,2216.0,3.2,5.1,1.565
2005-04-01,3.321,2.504,2.775,2.309,5.39,6.513,3.055,3.252,4.177,3.799,3.904,1.07,2.477,2.123,2.1260000000000003,53129.6,,0.86,9103.0,1.09,1055.0,3.4,4.8,1.5719999999999998
2005-05-01,3.314,2.572,2.752,2.363,5.398,6.739,2.974,3.297,4.113,3.809,3.837,1.052,2.538,2.168,2.115,48803.25,,0.85,10056.0,1.13,2902.0,2.9,3.7,1.4825
2005-06-01,3.328,2.542,2.735,2.338,5.272,6.351,2.964,3.295,4.149,3.783,3.807,1.075,2.576,2.168,2.225,70458.75,,0.79,10289.0,1.09,1385.0,2.5,3.7,1.69
2005-07-01,3.35,2.541,2.719,2.299,5.059,5.889,2.937,3.259,3.901,3.67,3.682,1.067,2.562,2.079,2.408,51768.8,,0.83,18347.0,1.09,2002.0,3.1,4.6,1.668
2005-08-01,3.302,2.502,2.715,2.422,4.987,5.807,2.911,3.134,3.995,3.619,3.629,1.042,2.539,2.08,2.27,84074.25,,0.82,8724.0,1.1,1874.0,3.6,5.2,1.8475000000000001
2005-09-01,3.282,2.535,2.731,2.377,4.9,5.953,2.938,3.159,3.801,3.6,3.439,1.056,2.528,2.121,2.104,47418.8,,0.9,11968.0,1.15,1938.0,4.7,6.7,2.02
2005-10-01,3.292,2.564,2.726,2.206,4.989,5.937,2.949,3.189,4.056,3.535,3.4,1.062,2.534,2.058,2.015,44438.25,,0.91,14114.0,1.16,2107.0,4.4,6.2,2.0125
2005-11-01,3.277,2.568,2.729,2.302,4.934,5.739,2.949,3.243,3.935,3.684,3.66,1.059,2.464,2.007,1.9324999999999999,59932.75,,0.96,14603.0,1.17,1635.0,3.3,4.3,1.7375
2005-12-01,3.318,2.606,2.732,2.303,5.026,5.934,2.908,3.374,4.115,3.734,3.7,1.061,2.372,2.073,2.09,52189.2,,0.96,9434.0,1.15,1107.0,3.3,5.4,1.7239999999999998
2006-01-01,3.321,2.607,2.742,2.277,5.06,5.969,2.963,3.17,4.089,3.681,3.606,1.062,2.369,2.028,2.13,72668.25,,0.92,16436.0,1.1,2946.0,4.0,5.7,1.79
2006-02-01,3.361,2.556,2.701,2.188,5.076,5.934,2.929,3.295,4.11,3.742,3.655,1.045,2.436,2.003,2.2800000000000002,102706.25,,0.87,13246.0,1.07,1523.0,3.6,3.9,1.7675
2006-03-01,3.345,2.568,2.749,2.251,5.106,6.113,2.936,3.219,4.014,3.699,3.659,1.047,2.375,1.992,2.304,90663.2,,0.74,15548.0,1.02,2741.0,3.4,3.6,1.888
2006-04-01,3.403,2.599,2.735,2.228,5.085,5.991,2.95,3.287,3.995,3.645,3.564,1.054,2.284,2.059,2.44,94072.5,,0.74,14315.0,1.01,1632.0,3.6,4.2,2.1225
2006-05-01,3.345,2.508,2.714,2.24,5.03,6.048,2.908,3.08,3.89,3.58,3.494,1.034,2.315,1.985,2.515,112016.5,,0.8,17874.0,1.09,2508.0,4.0,4.4,2.13
2006-06-01,3.186,2.543,2.709,2.237,5.021,6.168,2.906,3.078,3.927,3.603,3.521,1.055,2.427,1.993,2.506,88740.6,,0.86,20258.0,1.15,2738.0,4.2,4.9,2.1399999999999997
2006-07-01,3.167,2.459,2.66,2.147,5.005,6.065,2.887,3.064,3.846,3.585,3.525,1.04,2.472,2.009,2.6275,81596.0,,0.89,15742.0,1.14,1468.0,4.1,3.9,2.225
2006-08-01,3.263,2.543,2.698,2.213,5.104,6.182,2.9,3.051,3.934,3.602,3.556,1.048,2.487,2.0,2.455,114401.0,,0.93,14727.0,1.17,2777.0,3.9,3.7,2.2475
2006-09-01,3.297,2.508,2.713,2.202,5.055,5.901,2.962,3.101,3.976,3.599,3.552,1.063,2.456,2.068,2.504,121745.8,,0.9,11920.0,1.13,1667.0,2.0,0.9,1.8359999999999999
2006-10-01,3.341,2.542,2.71,2.206,5.091,5.796,2.912,3.169,4.121,3.674,3.555,1.038,2.449,2.053,3.08,112854.75,,0.88,18351.0,1.02,2421.0,1.4,-1.1,1.7975
2006-11-01,3.376,2.564,2.727,2.206,5.094,5.766,2.973,3.299,4.106,3.679,3.598,1.049,2.555,1.976,3.565,112484.25,,0.89,13036.0,0.98,2073.0,2.0,0.8,1.795
2006-12-01,3.342,2.606,2.74,2.259,5.082,5.791,2.952,3.209,3.987,3.602,3.586,1.057,2.53,1.969,3.7979999999999996,72622.8,,0.93,20376.0,1.0,1088.0,2.5,0.9,1.8699999999999999
2007-01-01,3.326,2.63,2.73,2.185,5.112,5.786,2.934,3.066,4.055,3.647,3.8,1.033,2.572,2.015,3.9450000000000003,93729.75,,0.93,14319.0,0.96,2331.0,2.1,0.2,1.6175
2007-02-01,3.431,2.639,2.776,2.304,5.129,5.83,3.001,3.343,4.16,3.779,3.94,1.039,2.499,1.972,4.17,118180.0,,0.97,21073.0,1.02,2041.0,2.4,2.5,1.7675
2007-03-01,3.517,2.628,2.809,2.292,5.291,6.017,3.049,3.357,4.213,3.727,3.897,1.064,2.525,2.005,4.034000000000001,96808.4,,0.95,14092.0,1.1,3017.0,2.8,3.0,1.8679999999999999
2007-04-01,3.488,2.676,2.824,2.254,5.411,5.982,3.069,3.419,4.126,3.895,3.921,1.115,2.364,1.998,3.7025,107144.5,,0.94,20525.0,1.1,1564.0,2.6,2.9,2.0700000000000003
2007-05-01,3.577,2.766,2.869,2.307,5.413,6.402,3.125,3.483,4.134,3.828,3.873,1.118,2.403,2.038,3.7675,88525.25,,0.91,19700.0,1.11,1998.0,2.7,3.4,2.0549999999999997
2007-06-01,3.543,2.739,2.855,2.333,5.314,6.162,3.061,3.395,4.124,3.802,3.753,1.134,2.426,2.095,3.842,126268.6,,0.9,16654.0,1.12,3902.0,2.7,2.9,2.1079999999999997
2007-07-01,3.56,2.734,2.843,2.366,5.269,5.745,3.103,3.337,4.244,3.76,3.775,1.13,2.51,2.038,3.48,87426.75,,1.0,16569.0,1.17,1766.0,2.3,3.9,2.1625
2007-08-01,3.554,2.695,2.868,2.395,5.252,6.05,3.094,3.332,4.09,3.795,3.828,1.145,2.502,2.001,3.478,95813.2,,0.97,14953.0,1.18,1714.0,1.9,2.4,2.126
2007-09-01,3.525,2.744,2.896,2.372,5.341,6.131,3.142,3.506,4.151,3.83,3.802,1.142,2.516,1.98,3.6175,103217.5,,1.0,18138.0,1.16,1079.0,2.8,4.6,2.3249999999999997
2007-10-01,3.596,2.705,2.893,2.26,5.254,5.74,3.092,3.486,4.044,3.693,3.593,1.135,2.456,2.079,3.5875,97667.75,,0.95,17922.0,1.08,2140.0,3.6,6.7,2.4275
2007-11-01,3.481,2.738,2.912,2.289,5.345,5.906,3.109,3.426,3.935,3.797,3.764,1.161,2.433,2.048,3.87,114345.2,,0.96,18454.0,1.08,2030.0,4.4,7.7,2.702
2007-12-01,3.501,2.702,2.871,2.234,5.287,5.907,3.068,3.395,4.043,3.766,3.721,1.166,2.37,2.018,4.3774999999999995,86756.25,,0.96,10718.0,1.05,700.0,4.1,6.6,2.6375
2008-01-01,3.572,2.725,2.902,2.328,5.291,5.818,3.129,3.371,3.984,3.76,3.711,1.163,2.327,2.057,4.8950000000000005,95267.0,,0.94,20029.0,1.05,2748.0,4.3,7.7,2.5875
2008-02-01,3.661,2.791,2.946,2.381,5.276,5.905,3.161,3.333,4.123,3.794,3.854,1.159,2.31,1.986,5.206,124871.6,,0.94,18705.0,1.04,1471.0,4.1,6.9,2.7760000000000002
2008-03-01,3.733,2.832,2.966,2.293,5.333,5.947,3.157,3.497,4.071,3.873,3.858,1.168,2.314,1.995,5.4375,108266.75,,0.88,20078.0,1.01,3232.0,4.0,6.9,3.2925
2008-04-01,3.676,2.829,2.953,2.323,5.283,5.699,3.154,3.252,4.088,3.73,3.763,1.176,2.482,2.075,5.965,112901.75,,0.93,22103.0,1.06,1737.0,3.9,6.4,3.4725
2008-05-01,3.792,2.798,2.964,2.313,5.359,5.999,3.176,3.355,4.178,3.825,3.841,1.194,2.432,2.135,6.066,111324.8,,1.02,15115.0,1.16,1565.0,4.1,7.5,3.818
2008-06-01,3.788,2.835,3.008,2.269,5.408,5.928,3.198,3.406,4.278,3.891,3.848,1.181,2.384,2.145,7.3149999999999995,155161.75,,1.03,21747.0,1.12,2731.0,4.9,9.1,3.9425
2008-07-01,3.751,2.785,2.987,2.258,5.507,5.95,3.228,3.498,4.229,3.988,4.071,1.191,2.418,2.184,6.779999999999999,124350.25,,1.06,17213.0,1.14,1399.0,5.5,9.7,3.9050000000000002
2008-08-01,3.854,2.964,3.098,2.371,5.589,6.399,3.314,3.647,4.439,4.043,4.206,1.223,2.432,2.224,5.6899999999999995,120199.8,,1.04,20646.0,1.11,2209.0,5.3,9.6,3.282
2008-09-01,3.869,2.981,3.128,2.419,5.528,6.213,3.34,3.768,4.423,4.101,4.119,1.214,2.531,2.255,5.4925,114525.5,,1.0,17520.0,1.04,1600.0,5.0,9.0,3.0625
2008-10-01,3.914,2.956,3.167,2.402,5.532,6.119,3.418,3.9,4.431,4.154,4.158,1.205,2.547,2.194,4.08,108145.0,,0.93,19137.0,0.98,1912.0,3.7,5.3,2.3600000000000003
2008-11-01,3.955,2.987,3.172,2.357,5.398,5.858,3.434,3.792,4.241,4.074,4.077,1.304,2.472,2.236,3.6125,104663.5,,0.88,6103.0,0.92,917.0,1.1,0.3,1.8675
2008-12-01,3.861,2.999,3.193,2.406,5.377,6.065,3.435,3.608,4.369,4.007,4.058,1.305,2.372,2.227,3.69,114877.0,,0.86,11157.0,0.94,383.0,0.0,-1.2,1.41
2009-01-01,3.818,2.961,3.157,2.357,5.219,5.739,3.426,3.724,4.203,4.051,4.098,1.292,2.362,2.18,3.968,96545.2,,0.85,14056.0,0.91,1615.0,-0.1,-1.4,1.488
2009-02-01,3.852,3.019,3.185,2.436,5.304,5.675,3.44,3.756,4.261,4.112,4.153,1.29,2.375,2.148,3.6225,110345.25,,0.86,17066.0,0.93,1245.0,0.0,-1.9,1.315
2009-03-01,3.766,2.976,3.139,2.269,5.279,5.769,3.355,3.706,4.148,3.955,3.953,1.301,2.376,2.125,3.8375000000000004,77144.25,,0.82,18313.0,0.94,2152.0,-0.4,-3.6,1.3575
2009-04-01,3.792,2.994,3.133,2.251,5.293,5.846,3.332,3.618,4.103,3.92,3.971,1.296,2.208,2.147,3.8925,101758.75,,0.83,15668.0,0.99,1333.0,-0.6,-3.4,1.4925
2009-05-01,3.836,2.876,3.114,2.257,5.421,6.194,3.427,3.723,3.965,3.903,3.967,1.304,2.303,2.142,4.236,109043.6,,0.82,20118.0,1.02,2373.0,-1.0,-4.5,1.5219999999999998
2009-06-01,3.702,2.873,3.128,2.234,5.417,6.181,3.469,3.473,4.118,3.912,4.046,1.282,2.28,2.155,4.1825,107306.5,,0.85,29210.0,1.03,5409.0,-1.2,-4.2,1.8225
2009-07-01,3.841,2.8,3.028,2.147,5.289,5.853,3.304,3.529,4.012,3.864,3.881,1.261,2.379,2.159,3.41,102292.2,,0.9,9324.0,1.02,1110.0,-2.0,-6.5,1.75
2009-08-01,3.712,2.843,3.101,2.134,5.359,5.905,3.452,3.574,4.164,3.871,3.83,1.287,2.398,2.151,3.275,113406.5,,0.87,25849.0,0.97,1527.0,-1.5,-4.5,1.92
2009-09-01,3.694,2.782,3.05,2.138,5.276,5.86,3.397,3.562,4.025,3.941,3.904,1.258,2.323,2.163,3.1950000000000003,100991.5,,0.86,20759.0,0.97,856.0,-1.4,-5.0,1.77
2009-10-01,3.815,2.785,3.05,2.177,5.216,5.56,3.378,3.673,4.093,3.931,3.873,1.244,2.362,2.078,3.664,120006.8,,0.86,22751.0,0.95,1245.0,-0.2,-2.2,1.9759999999999998
2009-11-01,3.758,2.797,3.057,2.062,5.397,5.748,3.415,4.023,4.376,4.13,4.162,1.256,2.294,2.065,3.865,125104.75,,0.86,11216.0,0.93,957.0,1.9,2.1,1.955
2009-12-01,3.761,2.828,3.071,2.186,5.367,5.676,3.391,3.92,4.176,4.006,4.079,1.267,2.133,2.054,4.032,86040.0,,0.86,22225.0,0.96,820.0,2.8,4.4,1.9959999999999998
2010-01-01,3.633,2.825,3.065,2.279,5.273,5.312,3.397,3.751,4.084,3.99,4.06,1.265,2.253,2.147,3.7925,136852.75,,0.89,15529.0,0.99,2963.0,2.6,4.7,2.0325
2010-02-01,3.843,2.881,3.113,2.277,5.193,5.415,3.449,3.832,4.075,4.014,3.933,1.265,2.262,2.171,3.6575,121907.0,,0.92,14095.0,1.01,755.0,2.2,4.2,2.0275
2010-03-01,3.841,2.824,3.099,2.24,5.286,5.627,3.448,3.841,4.271,4.073,4.11,1.231,2.357,2.187,3.6775,73104.75,,0.94,20204.0,1.13,3806.0,2.3,5.8,2.1525
2010-04-01,3.894,2.89,3.15,2.364,5.551,6.056,3.482,3.853,4.359,4.044,3.988,1.23,2.318,2.176,3.582,117750.0,,0.94,19362.0,1.13,706.0,2.2,5.2,2.3
2010-05-01,3.706,2.921,3.16,2.309,5.619,6.136,3.52,3.719,4.266,4.071,4.1,1.259,2.315,2.336,3.6574999999999998,133831.75,,0.89,20481.0,1.08,1716.0,2.0,5.0,2.1025
2010-06-01,3.94,2.965,3.227,2.4,5.63,5.997,3.514,3.844,4.429,4.039,4.054,1.239,2.43,2.404,3.48,115971.75,,0.9,25022.0,1.13,3295.0,1.1,2.8,2.1174999999999997
2010-07-01,3.872,2.936,3.225,2.453,5.544,5.662,3.512,3.915,4.303,4.084,4.069,1.28,2.422,2.366,3.9579999999999997,118068.2,,0.95,20313.0,1.14,1399.0,1.3,4.1,2.0759999999999996
2010-08-01,3.881,2.849,3.234,2.502,5.475,5.672,3.575,3.783,4.195,4.054,4.028,1.254,2.458,2.381,4.2975,151464.25,,0.97,21393.0,1.15,3092.0,1.2,3.2,2.1174999999999997
2010-09-01,3.99,2.915,3.187,2.398,5.532,5.821,3.496,4.036,4.315,4.136,4.114,1.276,2.543,2.37,4.945,249598.25,,1.0,26880.0,1.12,1859.0,1.1,3.8,2.165
2010-10-01,3.989,2.978,3.266,2.397,5.631,6.004,3.628,3.874,4.411,4.121,4.182,1.302,2.59,2.333,5.398000000000001,164540.0,,0.99,19929.0,1.11,1798.0,1.2,4.2,2.3
2010-11-01,4.035,2.949,3.211,2.394,5.667,6.145,3.505,3.911,4.339,4.197,4.276,1.277,2.482,2.389,5.4525,188126.0,,1.06,28130.0,1.19,4301.0,1.1,3.3,2.38
2010-12-01,4.077,2.932,3.195,2.378,5.604,6.071,3.494,3.863,4.295,4.153,4.076,1.28,2.426,2.365,5.976,109001.0,,1.08,14759.0,1.22,380.0,1.4,3.9,2.52
2011-01-01,3.969,2.991,3.277,2.533,5.693,6.268,3.588,3.889,4.379,4.241,4.166,1.241,2.448,2.451,6.362500000000001,163560.75,,1.14,29479.0,1.28,3112.0,1.7,3.6,2.6525
2011-02-01,4.021,3.058,3.32,2.659,5.728,6.248,3.556,3.992,4.549,4.337,4.347,1.266,2.401,2.448,7.045,179944.75,,1.13,38002.0,1.3,3495.0,2.1,5.5,2.8375
2011-03-01,4.228,3.151,3.443,2.715,5.796,6.463,3.76,4.124,4.459,4.444,4.378,1.269,2.605,2.486,6.915,212315.25,,1.21,30010.0,1.41,2411.0,2.6,5.5,3.135
2011-04-01,4.335,3.25,3.427,2.722,5.98,6.325,3.666,4.164,4.711,4.443,4.42,1.261,2.427,2.511,7.496,190581.0,,1.13,24777.0,1.36,2033.0,3.1,6.5,3.2960000000000003
2011-05-01,4.305,3.277,3.501,2.694,5.964,6.191,3.849,4.275,4.666,4.46,4.407,1.302,2.433,2.6,7.2175,152883.75,,1.05,20074.0,1.24,2828.0,3.5,7.0,2.9975
2011-06-01,4.326,3.211,3.497,2.774,5.833,5.891,3.878,4.306,4.554,4.439,4.429,1.305,2.619,2.566,7.1825,146642.5,,1.11,25683.0,1.38,3916.0,3.5,7.0,3.0575
2011-07-01,4.275,3.272,3.528,2.818,5.844,6.041,3.89,4.264,4.558,4.551,4.472,1.306,2.384,2.651,6.548,165232.2,,1.17,22181.0,1.37,2534.0,3.6,7.3,3.164
2011-08-01,4.334,3.231,3.482,2.819,5.948,6.3,3.812,4.263,4.682,4.487,4.324,1.296,2.495,2.641,7.275,189853.25,,1.14,20579.0,1.33,1945.0,3.8,6.5,2.995
2011-09-01,4.326,3.105,3.444,2.868,6.022,6.282,3.816,4.306,4.691,4.524,4.505,1.294,2.579,2.676,6.8420000000000005,180119.2,,1.23,43480.0,1.41,2664.0,3.8,7.1,2.968
2011-10-01,4.293,3.218,3.505,2.876,6.048,6.32,3.815,4.3,4.719,4.518,4.414,1.312,2.573,2.478,6.36,160684.0,,1.19,37417.0,1.4,1769.0,3.5,5.9,3.055
2011-11-01,4.23,3.197,3.496,2.899,6.011,6.21,3.763,4.468,4.6,4.628,4.451,1.304,2.463,2.682,6.22,159889.5,,1.24,21235.0,1.46,2210.0,3.5,5.8,3.0925000000000002
2011-12-01,4.305,3.265,3.547,2.921,6.044,6.162,3.842,4.579,4.723,4.674,4.558,1.34,2.463,2.662,6.078,113478.6,100.0,1.21,18578.0,1.46,995.0,3.1,4.7,2.936
2012-01-01,4.432,3.292,3.6,3.005,6.124,6.401,3.884,4.559,4.843,4.694,4.673,1.334,2.406,2.683,6.245,157451.25,99.7,1.29,22779.0,1.56,3232.0,3.0,4.3,3.0825
2012-02-01,4.448,3.294,3.621,2.947,6.033,6.405,3.922,4.513,4.78,4.676,4.7,1.356,2.376,2.627,6.4,138652.0,98.3,1.3,31973.0,1.57,3088.0,2.9,3.5,3.225
2012-03-01,4.479,3.366,3.664,3.016,6.079,6.531,3.969,4.445,4.813,4.665,4.688,1.372,2.442,2.652,6.5280000000000005,156888.4,98.9,1.16,40963.0,1.49,5917.0,2.6,2.8,3.3019999999999996
2012-04-01,4.424,3.327,3.663,2.998,6.208,6.519,3.966,4.354,4.901,4.68,4.743,1.401,2.462,2.662,6.29,180245.75,99.7,1.14,32116.0,1.5,3275.0,2.3,1.8,3.25
2012-05-01,4.447,3.379,3.693,2.995,6.295,6.42,4.037,4.352,4.867,4.725,4.676,1.347,2.576,2.609,6.04,165994.0,102.0,1.19,29469.0,1.57,2739.0,1.7,0.7,2.9725
2012-06-01,4.525,3.448,3.715,3.007,6.378,6.817,4.052,4.188,4.801,4.697,4.707,1.39,2.52,2.622,5.837999999999999,165971.8,103.3,1.2,32549.0,1.51,3632.0,1.7,0.7,2.7399999999999998
2012-07-01,4.483,3.449,3.747,3.085,6.328,6.904,4.118,4.301,4.843,4.671,4.872,1.454,2.57,2.638,7.555,161105.75,105.2,1.24,23984.0,1.39,2682.0,1.4,0.4,2.9425
2012-08-01,4.474,3.447,3.766,2.991,6.262,6.718,4.197,4.197,4.81,4.661,4.85,1.433,2.682,2.651,8.065999999999999,152412.8,115.8,1.26,26597.0,1.47,2494.0,1.7,1.9,3.196
2012-09-01,4.508,3.482,3.754,3.024,6.315,6.771,4.122,4.197,4.728,4.594,4.674,1.455,2.541,2.535,7.715,149694.5,113.8,1.25,27928.0,1.44,3254.0,1.9,1.9,3.255
2012-10-01,4.565,3.514,3.759,,6.295,6.749,4.115,4.505,4.669,4.782,4.818,1.53,2.587,2.599,7.5025,126866.5,112.0,1.26,22477.0,1.46,2340.0,2.2,2.2,3.2525
2012-11-01,4.633,3.46,3.802,3.175,6.31,6.799,4.175,4.567,4.77,4.76,4.754,1.512,2.572,2.593,7.409999999999999,160197.4,110.5,1.3,36354.0,1.46,3475.0,1.8,1.5,3.18
2012-12-01,4.623,3.464,3.82,3.08,6.301,6.781,4.213,4.542,4.701,4.741,4.7,1.482,2.516,2.491,7.16,101789.25,110.6,1.32,21631.0,1.51,1140.0,1.8,1.3,3.06
2013-01-01,4.561,3.406,3.841,3.407,6.408,6.975,4.709,4.537,4.983,4.681,4.825,1.497,2.445,2.497,7.095,169361.75,110.1,1.33,25117.0,1.5,1956.0,1.7,1.6,3.0925000000000002
2013-02-01,4.655,3.408,3.814,3.379,6.363,7.078,4.705,4.57,4.899,4.716,4.635,1.456,2.486,2.533,7.085,162995.25,110.7,1.3,26633.0,1.42,2009.0,2.0,1.9,3.265
2013-03-01,4.686,3.417,3.839,3.332,6.267,6.928,4.873,4.747,4.961,4.748,4.605,1.471,2.698,2.494,7.101999999999999,148893.8,110.7,1.24,28951.0,1.45,4340.0,1.5,1.2,3.0460000000000003
2013-04-01,4.655,3.479,3.823,3.268,6.232,6.864,4.811,4.633,4.818,4.689,4.551,1.473,2.702,2.496,6.3525,105167.75,111.8,1.22,27758.0,1.4,2078.0,1.1,0.7,2.8725
2013-05-01,4.553,3.461,3.75,3.311,6.369,6.791,4.861,4.475,4.804,4.707,4.601,1.466,2.827,2.447,6.537999999999999,92489.0,110.4,1.2,19282.0,1.44,1884.0,1.4,1.7,2.8739999999999997
2013-06-01,4.511,3.403,3.757,3.382,6.422,6.827,4.805,4.554,4.853,4.796,4.612,1.509,2.967,2.474,5.97,132842.0,111.0,1.22,26368.0,1.49,4616.0,1.7,2.1,2.9
2013-07-01,4.527,3.423,3.79,3.459,6.425,6.68,4.801,4.521,4.856,4.866,4.674,1.484,2.922,2.533,4.9425,105437.25,112.1,1.25,14830.0,1.53,1377.0,1.9,1.9,3.0324999999999998
2013-08-01,4.533,3.511,3.829,3.454,6.34,6.604,4.889,4.657,4.955,4.876,4.748,1.489,2.902,2.549,4.6659999999999995,125893.6,109.1,1.27,17653.0,1.57,1254.0,1.5,1.2,3.0780000000000003
2013-09-01,4.428,3.445,3.823,3.502,6.399,6.808,4.78,4.542,4.874,4.833,4.661,1.528,2.838,2.501,4.58,100257.0,109.4,1.32,19878.0,1.64,1436.0,1.1,0.0,3.0675
2013-10-01,4.538,3.492,3.823,3.389,6.363,6.82,5.018,4.619,4.709,4.821,4.661,1.543,2.861,2.599,4.395,101102.25,106.8,1.33,25438.0,1.64,4133.0,0.9,0.1,3.0025
2013-11-01,4.603,3.61,3.887,3.477,6.326,6.803,5.022,4.739,4.822,4.887,4.609,1.518,2.697,2.61,4.2459999999999996,203816.8,106.3,1.34,11724.0,1.65,1812.0,1.2,0.9,2.9579999999999997
2013-12-01,4.643,3.585,3.895,3.46,6.344,6.776,5.057,4.716,5.006,4.905,4.63,1.52,2.653,2.618,4.3025,86284.25,106.1,1.35,16619.0,1.67,897.0,1.5,1.5,3.06
2014-01-01,4.628,3.586,3.897,3.467,6.339,6.773,5.021,4.534,5.033,4.827,4.641,1.529,2.707,2.593,4.29,165069.8,106.7,1.4,33163.0,1.69,3762.0,1.6,1.7,3.148
2014-02-01,4.93,3.733,4.038,3.555,6.556,6.966,5.189,4.94,5.284,5.221,5.046,1.504,2.583,2.607,4.53,162486.5,106.2,1.45,25816.0,1.72,1794.0,1.1,1.3,3.225
2014-03-01,5.057,3.745,4.134,3.698,6.726,7.046,5.273,4.944,5.295,5.231,4.983,1.544,2.848,2.704,4.865,125553.0,107.0,1.38,20909.0,1.78,3183.0,1.6,2.2,2.995
2014-04-01,5.221,3.886,4.226,3.808,6.974,7.356,5.423,5.073,5.522,5.374,5.16,1.53,2.615,2.904,5.0375,114746.0,108.0,1.37,27049.0,1.81,2188.0,2.0,3.3,2.9675000000000002
2014-05-01,5.119,3.849,4.213,3.856,6.941,7.588,5.356,5.014,5.629,5.339,5.166,1.556,2.912,2.963,4.872,128058.4,108.8,1.39,17687.0,1.97,2373.0,2.2,2.5,2.932
2014-06-01,5.023,3.907,4.237,3.88,6.974,7.689,5.484,5.1,5.495,5.299,5.004,1.503,3.003,3.054,4.505,128932.0,107.5,1.5,21373.0,2.13,5326.0,2.1,2.7,2.975
2014-07-01,5.155,3.917,4.224,3.884,7.001,7.87,5.408,5.133,5.577,5.366,5.187,1.495,3.107,3.102,3.8775000000000004,98552.75,105.6,1.57,26045.0,2.21,3740.0,2.0,2.8,2.8825000000000003
2014-08-01,5.328,4.024,4.357,4.013,7.363,8.25,5.623,5.472,5.826,5.711,5.505,1.572,3.127,3.141,3.6799999999999997,131526.4,103.8,1.51,19450.0,2.17,4709.0,1.7,2.2,2.852
2014-09-01,5.449,4.201,4.504,4.096,7.397,8.233,5.828,5.519,6.026,5.738,5.584,1.543,3.17,3.148,3.375,113498.5,105.0,1.63,21903.0,2.35,2669.0,1.7,2.2,2.74
2014-10-01,5.456,4.294,4.565,4.154,7.404,8.103,5.972,5.443,6.068,5.686,5.552,1.549,3.205,3.12,3.47,161467.8,102.6,1.66,30987.0,2.28,4370.0,1.6,1.7,2.54
2014-11-01,5.546,4.26,4.593,4.201,7.473,8.277,6.043,5.526,6.157,5.776,5.623,1.533,3.105,3.076,3.7800000000000002,174554.25,102.5,1.69,14281.0,2.31,1608.0,1.2,1.0,2.4074999999999998
2014-12-01,5.652,4.217,4.598,4.156,7.541,8.147,6.078,5.682,6.261,5.854,5.661,1.541,3.048,3.019,4.0725,126126.25,103.4,1.64,24741.0,2.19,2123.0,0.7,-0.8,2.0275
2015-01-01,5.712,4.375,4.675,4.235,7.53,8.08,6.032,5.624,6.052,5.838,5.62,1.546,3.086,2.991,3.88,150070.6,104.4,1.52,20083.0,2.05,5278.0,-0.2,-3.3,1.714
2015-02-01,5.552,4.403,4.708,4.238,7.569,8.194,6.184,5.546,6.18,5.844,5.657,1.55,3.09,2.928,3.8775,172142.75,104.2,1.52,33931.0,2.02,3772.0,-0.1,-3.3,2.0675
2015-03-01,5.595,4.364,4.677,4.2,7.661,8.372,6.099,5.563,6.209,5.872,5.736,1.545,3.021,2.904,3.8575,159033.75,104.5,1.52,20751.0,2.17,4024.0,0.0,-3.3,1.805
2015-04-01,5.654,4.323,4.681,4.231,7.684,8.329,6.105,5.659,6.157,5.864,5.644,1.539,2.913,2.836,3.785,180493.0,103.3,1.5,29626.0,2.13,2794.0,-0.1,-4.4,1.8199999999999998
2015-05-01,5.581,4.308,4.653,4.136,7.773,8.816,6.195,5.7,6.185,5.915,5.653,1.483,3.039,2.804,3.6079999999999997,145763.8,101.7,1.51,42307.0,2.23,5779.0,0.0,-2.9,1.972
2015-06-01,5.7,4.324,4.676,4.221,7.917,8.842,6.111,5.704,6.183,5.927,5.638,1.515,3.0,2.784,3.63,197304.25,101.5,1.48,27252.0,2.15,7522.0,0.2,-2.6,1.87
2015-07-01,5.684,4.266,4.637,4.2,7.962,8.837,6.184,5.677,6.243,5.905,5.685,1.487,3.097,2.833,4.096,128684.4,102.5,1.46,19089.0,2.11,2195.0,0.2,-2.7,1.686
2015-08-01,5.587,4.222,4.618,4.159,7.91,8.697,6.116,5.639,6.147,5.871,5.688,1.428,3.035,2.841,3.7225,157181.25,103.4,1.43,19026.0,1.98,4437.0,0.2,-3.0,1.5175
2015-09-01,5.608,4.195,4.604,4.126,7.89,8.864,6.139,5.513,6.184,5.785,5.601,1.415,3.09,2.819,3.79,168324.25,102.6,1.31,57782.0,1.78,5320.0,0.0,-3.9,1.5125
2015-10-01,5.579,4.119,4.572,4.083,7.836,8.802,6.097,5.546,6.209,5.762,5.523,1.43,3.134,2.803,3.822,178786.4,102.2,1.42,23717.0,1.91,2392.0,0.1,-3.9,1.482
2015-11-01,5.421,4.082,4.551,4.113,7.788,8.724,6.047,5.649,6.081,5.718,5.445,1.484,3.006,2.778,3.6525,179947.0,102.0,1.32,19375.0,1.63,4288.0,0.4,-3.5,1.385
2015-12-01,5.498,4.025,4.485,4.06,7.509,8.287,5.885,5.414,5.932,5.482,5.279,1.437,2.801,2.716,3.7119999999999997,117529.6,100.6,1.37,11197.0,1.67,1380.0,0.6,-2.8,1.12
2016-01-01,5.373,4.019,4.396,3.978,7.468,8.144,5.7,5.177,5.856,5.421,5.225,1.429,2.798,2.695,3.6550000000000002,185764.0,100.5,1.34,35268.0,1.57,6305.0,1.2,-1.3,0.995
2016-02-01,5.541,3.945,4.379,3.964,7.502,8.275,5.611,5.346,6.002,5.526,5.295,1.478,2.742,2.697,3.6275,202787.0,100.2,1.37,17546.0,1.58,2175.0,0.8,-2.1,1.0425
2016-03-01,5.585,3.929,4.371,3.955,7.686,8.514,5.678,5.321,5.968,5.662,5.47,1.463,2.681,2.657,3.65,137707.0,100.0,1.24,20212.0,1.55,4999.0,0.9,-2.3,1.2075
2016-04-01,5.44,3.933,4.327,3.815,7.756,8.502,5.638,5.194,6.026,5.576,5.406,1.496,2.619,2.688,3.726,245455.0,98.6,1.15,24638.0,1.4,2655.0,1.2,-1.3,1.252
2016-05-01,5.442,3.902,4.298,3.717,7.759,8.678,5.742,5.381,6.07,5.687,5.534,1.489,2.65,2.668,3.9425,157429.25,99.7,1.18,21079.0,1.47,3866.0,1.1,-2.1,1.4275
2016-06-01,5.38,3.84,4.263,3.725,7.681,8.69,5.786,5.323,6.134,5.601,5.443,1.408,2.907,2.69,4.16,208506.0,100.5,1.15,22873.0,1.44,4469.0,1.1,-1.9,1.4825
2016-07-01,5.215,3.807,4.234,3.69,7.546,8.521,5.865,5.211,5.76,5.504,5.274,1.445,2.76,2.693,3.492,91620.4,99.7,1.12,17583.0,1.4,2589.0,0.9,-1.8,1.3699999999999999
2016-08-01,5.203,3.912,4.25,3.657,7.569,8.544,5.844,5.124,5.758,5.451,5.133,1.426,2.88,2.767,3.34,203871.5,98.7,1.07,39478.0,1.38,7502.0,1.1,-1.8,1.4224999999999999
2016-09-01,5.05,3.791,4.22,3.665,7.51,8.585,5.764,5.163,6.067,5.315,5.016,1.487,2.95,2.694,3.3620000000000005,176540.4,97.4,1.0,30089.0,1.23,4425.0,1.5,-0.2,1.422
2016-10-01,5.196,3.742,4.158,3.679,7.413,8.323,5.693,5.129,5.807,5.277,4.82,1.502,2.973,2.665,3.505,172054.5,97.0,1.03,18495.0,1.16,3420.0,1.7,0.7,1.56
2016-11-01,5.143,3.703,4.091,3.597,7.217,7.943,5.672,5.187,5.758,5.301,4.987,1.478,2.811,2.663,3.46,171704.0,96.7,1.12,29188.0,1.28,4624.0,1.7,0.4,1.4449999999999998
2016-12-01,5.262,3.619,4.043,3.559,7.121,7.91,5.542,5.104,5.556,5.159,4.884,1.463,2.58,2.579,3.522,112575.6,96.9,1.16,34529.0,1.3,2426.0,2.1,1.9,1.656
2017-01-01,5.084,3.621,4.057,3.553,7.094,7.79,5.543,4.962,5.733,5.138,4.934,1.418,2.728,2.55,3.625,166385.75,97.3,1.14,20770.0,1.23,6169.0,2.5,3.0,1.625
2017-02-01,5.042,3.549,4.029,3.557,7.154,7.848,5.563,5.186,5.754,5.208,5.088,1.473,2.769,2.627,3.68,199412.5,96.7,1.18,33687.0,1.25,3923.0,2.8,4.1,1.64
2017-03-01,5.073,3.59,4.067,3.594,7.176,7.856,5.612,5.141,5.728,5.264,5.152,1.462,2.842,2.633,3.6660000000000004,160662.0,97.2,1.11,23938.0,1.33,6224.0,2.4,3.8,1.528
2017-04-01,5.188,3.675,4.078,3.547,7.277,8.081,5.707,5.126,5.577,5.315,5.124,1.444,2.685,2.592,3.6550000000000002,231531.25,97.2,1.24,55665.0,1.5,4874.0,2.2,4.0,1.575
2017-05-01,5.411,3.645,4.078,3.559,7.315,8.082,5.613,5.145,5.758,5.354,5.202,1.499,2.69,2.554,3.7225,152618.0,96.0,1.22,25514.0,1.53,7316.0,1.9,2.6,1.52
2017-06-01,5.677,3.768,4.16,3.679,7.525,8.349,5.759,5.342,5.838,5.498,5.29,1.497,2.996,2.6,3.768,225165.6,95.2,1.16,27519.0,1.48,5454.0,1.6,2.0,1.432
2017-07-01,5.631,3.866,4.212,3.754,7.606,8.359,5.741,5.228,5.939,5.453,5.326,1.496,3.043,2.614,3.8075,136016.5,95.1,1.12,24936.0,1.46,5629.0,1.7,2.0,1.5274999999999999
2017-08-01,5.69,3.785,4.207,3.732,7.479,8.251,5.888,5.189,5.838,5.349,5.182,1.489,2.911,2.593,3.62,153722.0,93.9,1.05,34841.0,1.43,5462.0,1.9,2.9,1.63
2017-09-01,5.536,3.801,4.207,3.707,7.363,8.084,5.772,5.098,5.882,5.329,5.168,1.48,2.95,2.635,3.5519999999999996,160149.6,92.6,1.15,24599.0,1.52,3079.0,2.2,3.3,1.8
2017-10-01,5.399,3.703,4.1,3.688,7.388,8.039,5.369,5.124,5.778,5.156,4.916,1.484,3.04,2.654,3.4925,165038.25,92.7,1.26,34458.0,1.6,8266.0,2.0,3.0,1.8075
2017-11-01,5.329,3.775,4.102,3.638,7.352,7.906,5.43,5.09,5.798,5.163,4.934,1.451,2.83,2.623,3.4425,266506.5,93.5,1.25,38386.0,1.54,7708.0,2.2,4.1,1.9249999999999998
2017-12-01,5.343,3.729,4.128,3.708,7.364,7.927,5.516,5.12,5.832,5.207,5.02,1.47,2.794,2.596,3.526,113470.0,95.3,1.22,23694.0,1.46,2359.0,2.1,3.5,1.9579999999999997
2018-01-01,,3.668,4.068,3.641,7.415,8.205,5.247,4.792,5.608,5.109,4.925,1.509,2.899,2.621,3.5175,156462.0,98.2,1.23,24215.0,1.45,5243.0,2.2,2.8,2.0825
2018-02-01,,3.659,4.07,3.642,7.392,8.297,5.333,4.996,5.619,5.184,4.99,1.478,2.988,2.631,3.645,212821.75,99.2,1.23,37838.0,1.45,3742.0,2.3,2.8,1.95
2018-03-01,,3.728,4.099,3.657,7.507,8.339,5.367,5.026,5.512,5.259,5.107,1.502,3.043,2.642,3.8480000000000003,262505.2,101.0,1.03,33624.0,1.34,8627.0,2.3,2.9,1.938
2018-04-01,,3.775,4.155,3.73,7.703,8.551,5.523,5.168,5.785,5.378,5.192,1.511,3.01,2.614,3.9,247802.5,100.6,1.06,35303.0,1.4,1816.0,2.5,2.4,2.09
2018-05-01,,3.688,4.079,3.685,7.64,8.247,5.426,5.234,5.649,5.369,5.179,1.523,3.329,2.546,4.03,171414.75,101.4,1.04,46706.0,1.47,12491.0,2.8,3.9,2.225
2018-06-01,,3.824,4.115,3.729,7.673,8.509,5.36,5.301,5.8,5.481,5.205,1.514,3.37,2.516,3.718,199911.8,99.9,1.07,28168.0,1.51,8985.0,2.8,4.0,2.15
2018-07-01,,3.786,4.149,3.745,7.725,8.552,5.36,5.458,5.694,5.508,5.163,1.519,3.347,2.553,3.6825,131320.75,98.9,1.09,22637.0,1.49,5011.0,2.9,4.1,2.145
2018-08-01,,3.738,4.155,3.792,7.724,8.561,5.381,5.399,5.807,5.506,5.152,1.511,3.335,2.605,3.726,186660.0,99.8,1.09,21726.0,1.49,5655.0,2.6,3.6,2.162
2018-09-01,,3.701,4.12,3.743,7.678,8.544,5.404,5.332,5.839,5.386,4.995,1.487,3.143,2.596,3.58,161202.0,99.3,1.19,24896.0,1.58,1342.0,2.3,3.2,2.25
2018-10-01,,3.692,4.091,3.714,7.595,8.331,5.252,5.173,5.791,5.203,4.875,1.444,2.987,2.573,3.6925,193999.75,99.0,1.17,35579.0,1.5,7407.0,2.5,3.7,2.3325
2018-11-01,5.518,3.745,4.166,3.781,7.572,8.375,5.245,5.222,5.681,5.17,4.806,1.501,3.032,2.614,3.686,203248.0,99.2,1.21,32900.0,1.45,7983.0,2.1,1.9,2.0420000000000003
2018-12-01,5.399,3.709,4.139,3.725,7.579,8.311,5.262,5.122,5.687,5.202,4.791,1.466,2.961,2.601,3.815,123891.0,100.1,1.24,25737.0,1.49,2691.0,2.0,1.3,1.78
2019-01-01,5.527,3.727,4.173,3.801,7.598,8.348,5.253,5.139,5.601,5.283,5.011,1.473,2.981,2.615,3.8075,158778.25,101.7,1.26,48557.0,1.43,11382.0,1.5,0.1,1.8624999999999998
2019-02-01,5.593,3.847,4.169,3.758,7.597,8.529,5.208,5.145,5.722,5.319,4.968,1.486,2.931,2.558,3.755,254501.5,101.5,1.3,27457.0,1.43,4536.0,1.5,0.3,1.9674999999999998
2019-03-01,5.601,3.831,4.138,3.725,7.74,8.575,5.186,5.467,5.839,5.439,5.16,1.468,3.158,2.582,3.69,256319.2,101.4,1.19,20998.0,1.49,6258.0,1.9,1.1,1.9780000000000002
2019-04-01,5.79,3.907,4.198,3.775,7.755,8.706,5.288,5.246,5.856,5.445,5.26,1.463,3.1,2.562,3.61,179847.5,101.7,1.14,32549.0,1.42,1787.0,2.0,2.0,2.0549999999999997
2019-05-01,,4.023,4.277,3.822,7.798,8.662,5.486,5.476,5.892,5.521,5.374,1.479,3.23,2.651,3.8739999999999997,271821.0,100.9,1.03,35172.0,1.33,11222.0,1.8,1.3,2.008
2019-06-01,5.647,3.951,4.231,3.812,7.679,8.133,5.428,5.517,5.882,5.627,5.401,1.59,3.216,2.718,4.3575,303743.0,101.6,1.04,29372.0,1.37,9522.0,1.7,0.7,1.87
2019-07-01,5.575,4.001,4.258,3.8,7.716,8.284,5.462,5.479,5.977,5.609,5.458,1.562,3.203,2.722,4.405,145935.25,102.0,1.08,25826.0,1.42,2540.0,1.8,0.8,1.9175
2019-08-01,5.614,4.019,4.249,3.819,7.652,8.134,5.444,5.279,5.834,5.471,5.305,1.514,3.328,2.687,3.8939999999999997,197060.2,102.2,0.99,22571.0,1.31,6381.0,1.7,0.4,1.8219999999999998
2019-09-01,5.632,3.885,4.209,3.851,7.658,8.083,5.351,5.294,5.858,5.43,5.222,1.487,3.275,2.687,3.67,131861.25,102.1,1.1,28027.0,1.42,4046.0,1.7,0.0,1.9324999999999999
2019-10-01,5.566,4.027,4.262,3.841,7.667,8.225,5.463,5.131,5.774,5.277,4.988,1.538,3.165,2.716,3.9025,160614.75,102.8,1.17,26023.0,1.45,7532.0,1.7,-0.1,1.9525
2019-11-01,5.792,3.993,4.241,3.812,7.535,8.318,5.475,5.404,5.793,5.376,5.211,1.43,3.121,2.74,3.774,200634.0,103.2,1.26,21461.0,1.42,4011.0,2.1,1.0,1.94
2019-12-01,5.751,4.066,4.3,3.862,7.709,8.481,5.518,5.646,5.977,5.537,5.069,1.45,2.884,2.761,3.84,125652.0,104.4,1.26,15118.0,1.45,2222.0,2.3,2.0,2.0
2020-01-01,5.754,4.1,4.343,3.886,7.653,8.441,5.63,5.398,5.963,5.515,5.062,1.409,3.064,2.722,3.8600000000000003,198727.4,104.8,1.2,26472.0,1.36,7062.0,2.6,2.7,1.8379999999999999
2020-02-01,5.83,4.033,4.298,3.865,7.642,8.333,5.521,5.368,6.091,5.532,5.26,1.362,2.94,2.775,3.7675,232716.5,103.8,1.08,47145.0,1.31,4108.0,2.3,1.4,1.63
2020-03-01,5.73,4.108,4.355,3.881,7.676,8.265,5.635,5.382,6.091,5.535,5.175,1.4,3.447,2.762,3.58,161070.5,97.7,0.92,22982.0,1.23,5368.0,1.5,-1.6,1.175
2020-04-01,5.697,4.343,4.556,4.052,7.951,8.6,5.708,5.786,6.41,5.896,5.528,1.571,3.219,,3.27,142763.5,99.7,0.86,22306.0,1.17,1513.0,0.3,-5.1,0.9375
2020-05-01,6.308,4.789,4.931,4.461,8.957,9.48,6.101,7.049,7.301,7.068,6.906,,3.795,3.085,3.2019999999999995,113527.8,100.2,1.0,24604.0,1.35,5771.0,0.2,-3.0,0.892
2020-06-01,6.752,5.33,5.291,4.737,9.518,10.423,6.314,7.165,7.394,7.057,6.546,1.747,3.726,3.152,3.2775,189638.0,100.0,0.96,23462.0,1.33,7170.0,0.7,-2.1,1.135
2020-07-01,6.336,4.732,4.84,4.264,8.698,9.413,6.052,6.476,6.95,6.461,5.884,1.712,3.613,3.099,3.312,111593.2,99.8,1.08,20761.0,1.45,1481.0,1.0,-1.9,1.234
2020-08-01,5.995,4.307,4.64,4.177,8.213,8.875,5.76,5.972,6.579,6.059,5.668,1.609,3.593,3.045,3.3325,168861.75,100.0,1.05,21538.0,1.41,5191.0,1.3,-1.5,1.2075
2020-09-01,5.872,4.165,4.547,4.076,8.133,8.795,5.73,5.849,6.447,6.035,5.76,1.542,3.663,2.891,3.6775,161029.75,100.9,1.12,24174.0,1.41,1880.0,1.4,-1.1,1.13
2020-10-01,5.696,4.212,4.552,4.008,8.154,8.931,5.758,5.749,6.383,5.841,5.614,1.58,3.675,2.989,3.9899999999999998,191584.6,102.6,1.08,25538.0,1.34,5478.0,1.2,-1.4,1.1400000000000001
2020-11-01,5.729,4.33,4.596,4.027,8.081,8.876,5.672,5.96,6.449,5.883,5.522,1.639,3.58,2.974,4.2,160327.25,105.0,1.13,22718.0,1.41,5709.0,1.2,-1.4,1.26
2020-12-01,5.87,4.202,4.555,3.951,8.085,8.98,5.715,6.008,6.339,5.868,5.302,1.621,3.302,2.991,4.436,118832.4,107.2,1.15,14470.0,1.39,1299.0,1.3,-0.9,1.46
2021-01-01,5.949,4.31,4.543,3.965,8.25,9.148,5.705,5.811,6.522,5.861,5.475,1.595,3.533,3.02,5.1899999999999995,205770.25,108.4,1.22,31760.0,1.38,5286.0,1.4,0.4,1.585
2021-02-01,5.782,4.252,4.556,3.987,8.281,9.079,5.611,5.991,6.443,6.063,5.582,1.583,3.402,3.001,5.4475,152474.25,111.4,1.2,30320.0,1.39,1975.0,1.7,2.5,1.7925
2021-03-01,5.762,4.377,4.648,4.042,8.383,9.134,5.78,6.088,6.412,6.229,5.625,1.543,3.524,2.997,5.49,122389.0,113.9,1.23,21884.0,1.49,8771.0,2.7,5.7,1.8825
2021-04-01,6.034,4.29,4.656,4.096,8.656,9.344,5.973,5.949,6.64,6.216,5.771,1.515,3.452,3.176,6.058,192384.2,114.7,1.17,22869.0,1.34,2215.0,4.1,9.4,1.862
2021-05-01,6.225,4.495,4.703,4.101,9.12,9.892,5.952,6.381,6.737,6.512,5.822,1.486,3.678,3.217,6.7325,173963.25,115.9,1.19,17050.0,1.51,3349.0,4.9,8.2,2.025
2021-06-01,6.802,4.565,4.869,4.357,9.747,10.78,6.016,6.635,7.297,6.824,6.209,1.474,3.786,3.381,6.1325,163695.25,116.9,1.23,23585.0,1.55,7104.0,5.3,9.4,2.12
2021-07-01,6.731,4.521,4.846,4.388,9.67,10.538,6.081,6.7,7.183,6.749,6.1,1.435,3.72,3.564,5.473999999999999,124509.0,115.703,1.27,17014.0,1.58,1447.0,5.2,9.5,2.15
2021-08-01,6.666,4.636,4.964,4.468,9.652,10.599,6.179,6.8,7.112,6.727,6.004,1.472,3.685,3.474,5.5525,164983.0,114.61,1.27,30179.0,1.68,4888.0,5.2,10.4,2.0375
2021-09-01,6.874,4.786,5.051,4.504,9.912,11.01,6.146,7.457,7.282,7.133,6.276,1.504,4.003,3.497,5.24,135613.5,117.806,1.26,30962.0,1.53,2189.0,5.4,11.9,2.1950000000000003
2021-10-01,6.92,4.869,5.237,4.719,10.209,11.654,6.371,7.397,7.304,7.127,6.33,1.523,4.008,3.565,5.409999999999999,109830.2,117.837,1.29,23695.0,1.56,6022.0,6.2,12.8,2.5
2021-11-01,7.159,4.81,5.261,4.716,10.228,11.508,6.27,7.272,7.404,7.161,6.426,1.583,3.97,3.665,5.7325,147252.75,119.322,1.38,28190.0,1.65,7163.0,6.9,13.8,2.3825000000000003
2021-12-01,7.363,4.792,5.174,4.604,9.933,11.055,6.315,6.922,7.342,6.948,6.234,1.606,3.935,3.494,5.932,95863.8,121.227,1.4,13979.0,1.67,663.0,7.2,13.0,2.248
2022-01-01,6.806,4.765,5.17,4.554,9.825,10.826,6.519,6.83,7.378,6.845,6.158,1.622,4.119,3.451,6.1375,148616.0,123.808,1.45,34442.0,1.63,6731.0,7.6,13.0,2.655
2022-02-01,6.977,4.627,5.199,4.63,9.753,10.584,6.465,6.83,7.489,6.898,6.318,1.632,4.118,3.479,6.455,186447.75,125.226,1.41,31989.0,1.58,3704.0,7.9,13.7,2.885
2022-03-01,7.16,4.87,5.342,4.757,9.786,10.658,6.476,6.989,7.324,6.971,6.295,1.724,4.189,3.519,7.5325,113567.75,130.9,1.37,17401.0,1.67,4388.0,8.6,15.2,3.8675
2022-04-01,7.13,4.945,5.414,4.916,9.701,10.656,6.479,7.012,7.266,6.927,6.249,1.794,4.062,3.578,7.781999999999999,124699.4,133.665,1.33,27598.0,1.56,3015.0,8.2,15.3,3.9479999999999995
2022-05-01,7.023,4.894,5.332,4.794,9.69,10.447,6.546,7.031,7.438,6.934,6.305,1.824,4.273,3.609,7.805,98128.0,134.495,1.3,34944.0,1.65,6027.0,8.5,16.7,4.5325
2022-06-01,6.9,4.997,5.402,4.889,9.83,10.721,6.492,6.705,7.318,6.783,6.27,1.826,4.387,3.683,7.3975,115009.75,133.258,1.33,26149.0,1.74,8569.0,9.0,18.2,4.42
2022-07-01,7.015,5.075,5.426,4.893,9.709,10.57,6.58,6.911,7.131,6.742,6.121,1.88,4.292,3.645,6.04,142923.2,133.323,1.42,15793.0,1.79,2311.0,8.5,15.1,3.7439999999999998
2022-08-01,7.08,5.12,5.456,4.937,9.535,10.312,6.512,6.975,7.201,6.827,6.162,1.879,4.345,3.633,6.3475,133604.25,141.042,1.43,25903.0,1.83,4487.0,8.2,12.6,3.605
2022-09-01,6.982,4.89,5.332,4.862,9.592,10.543,6.624,6.98,7.184,6.832,6.249,1.891,4.563,3.714,6.766,131181.6,137.753,1.47,30183.0,1.74,3067.0,8.2,11.6,3.4219999999999997
2022-10-01,6.857,4.789,5.298,4.836,9.712,10.496,6.68,6.73,7.173,6.69,6.084,1.863,4.71,3.642,6.845,97718.0,138.318,1.52,27180.0,1.79,7432.0,7.8,11.2,4.5575
2022-11-01,6.58,4.728,5.206,4.853,9.541,10.268,6.227,6.782,7.159,6.667,6.049,1.843,4.567,3.692,6.695,122290.5,138.375,1.56,25381.0,1.8,8867.0,7.1,10.3,4.195
2022-12-01,6.873,4.758,5.186,4.8,9.46,10.169,6.386,6.857,7.061,6.724,6.217,1.83,4.226,3.64,6.5760000000000005,101779.2,134.566,1.58,19501.0,1.84,1192.0,6.4,8.7,3.13
2023-01-01,6.773,4.644,5.171,4.791,9.582,10.313,6.393,6.862,7.272,6.765,6.222,1.855,4.256,3.608,6.72,123926.25,133.4,1.63,31725.0,1.86,9007.0,6.3,8.9,3.2925
2023-02-01,6.785,4.777,5.207,4.778,9.68,10.286,6.427,6.819,7.218,6.817,6.237,1.894,4.511,3.588,6.715,177165.75,134.112,1.65,22294.0,1.9,2594.0,6.0,6.1,2.8
2023-03-01,6.762,4.753,5.194,4.813,9.81,10.284,6.354,6.727,7.179,6.765,6.221,1.868,4.502,3.525,6.39,147131.4,132.21,1.62,35141.0,2.05,7853.0,4.9,3.1,2.7439999999999998
2023-04-01,6.939,4.747,5.247,4.79,9.957,10.607,6.579,6.76,7.345,6.803,6.164,1.873,4.277,3.582,6.2,163553.0,130.014,1.65,18289.0,2.11,1925.0,5.0,2.5,2.555
2023-05-01,6.756,4.953,5.355,4.96,10.223,10.753,6.697,7.042,7.511,7.064,6.393,1.92,4.635,3.598,5.855,149410.75,128.564,1.68,27333.0,2.39,6482.0,4.1,-0.6,2.3449999999999998
2023-06-01,6.914,5.106,5.435,5.028,10.359,11.164,6.681,7.011,7.43,7.02,6.367,1.953,4.701,3.458,5.788,243372.2,126.711,1.77,29597.0,2.48,12030.0,3.1,-2.9,2.446
2023-07-01,7.21,5.253,5.537,5.102,10.633,11.507,6.851,7.299,7.664,7.203,6.625,1.891,4.734,3.556,5.1875,144909.5,126.604,1.8,29029.0,2.46,4385.0,3.3,-0.9,2.715
2023-08-01,7.157,5.259,5.554,5.076,10.75,11.432,6.947,7.298,7.646,7.285,6.656,1.958,4.721,3.63,4.9125,154362.75,125.099,1.81,21010.0,2.56,6862.0,3.7,2.0,3.1574999999999998
2023-09-01,7.23,5.185,5.57,5.109,10.771,11.626,6.884,7.177,7.774,7.251,6.613,1.901,4.677,3.627,4.792,111138.8,123.371,1.88,25824.0,2.52,2212.0,3.7,2.3,3.304
2023-10-01,7.311,5.349,5.666,5.226,10.834,11.697,6.991,7.305,7.987,7.321,6.795,1.926,4.647,3.743,4.904999999999999,147972.0,121.354,1.84,32988.0,2.37,5717.0,3.3,-0.2,3.1125
2023-11-01,7.16,5.201,5.643,5.353,10.482,11.533,6.731,7.612,7.862,7.482,6.846,1.976,4.978,3.711,4.6775,145667.75,121.06,1.72,26288.0,2.2,7565.0,3.1,-0.8,2.88
2023-12-01,7.025,5.118,5.566,5.21,10.646,11.691,6.674,7.378,7.994,7.348,6.885,1.955,4.884,3.64,4.796,102058.2,120.93,1.69,19830.0,2.22,1449.0,3.3,0.2,2.62
2024-01-01,7.001,5.093,5.475,5.03,10.686,11.637,6.778,7.255,8.106,7.268,6.737,1.987,4.762,3.606,4.5,166852.0,120.247,1.81,21731.0,2.4,5551.0,3.1,-1.0,2.7
2024-02-01,6.839,5.213,5.479,5.132,10.53,11.716,6.651,7.513,7.883,7.351,6.71,1.951,4.937,3.564,4.2575,164578.75,119.538,1.85,27858.0,2.49,1437.0,3.2,0.9,2.7800000000000002
2024-03-01,6.991,5.421,5.522,5.132,10.594,11.537,6.734,7.362,8.031,7.395,6.974,1.991,4.756,3.679,4.366,180984.2,116.741,1.8,24003.0,2.49,6738.0,3.5,1.9,2.6719999999999997
2024-04-01,7.197,5.277,5.561,5.236,10.745,11.662,6.809,7.516,8.11,7.47,6.858,1.953,4.887,3.712,4.4075,174442.0,115.395,1.75,28912.0,2.45,2892.0,3.4,1.9,2.6075
2024-05-01,7.229,5.331,5.603,5.148,10.734,11.558,6.847,7.531,8.247,7.47,6.987,2.013,4.973,3.764,4.588,206619.4,115.963,1.78,21139.0,2.56,6682.0,3.2,2.3,2.414
2024-06-01,7.239,5.364,5.712,5.472,10.635,11.465,6.893,7.649,7.927,7.472,6.879,2.007,5.012,3.645,4.3875,243356.25,115.34,1.85,26691.0,2.59,9069.0,3.0,1.7,2.4425
2024-07-01,7.145,5.47,5.799,5.497,10.856,11.726,7.169,7.781,8.059,7.638,7.121,1.988,5.187,3.621,4.135,148329.0,116.561,1.87,19349.0,2.57,2327.0,2.9,1.9,2.4725
2024-08-01,7.298,5.638,5.867,5.577,10.875,11.54,6.918,7.692,8.226,7.63,7.161,1.988,5.104,3.693,3.9659999999999997,170942.8,114.68,1.79,20139.0,2.38,6486.0,2.6,0.4,2.272
2024-09-01,7.217,5.576,5.917,5.67,10.882,11.787,7.223,7.596,8.148,7.582,7.244,1.979,4.7,3.719,4.0975,182127.75,116.67,1.85,15355.0,2.46,2181.0,2.4,-0.9,2.1
2024-10-01,7.177,5.586,5.887,5.588,10.565,11.497,7.22,7.301,8.154,7.368,7.008,1.987,4.697,3.703,4.1525,186854.75,115.21,1.86,26563.0,2.41,7579.0,2.6,0.9,2.245
2024-11-01,7.432,5.605,5.874,5.628,10.673,12.014,6.977,7.578,8.159,7.598,7.141,2.076,4.698,3.765,4.276,196182.2,114.993,1.89,12185.0,2.59,4460.0,2.7,1.9,2.21
2024-12-01,7.393,5.576,5.863,5.605,10.626,11.666,7.124,7.769,8.136,7.719,7.486,2.061,4.698,3.656,4.455,169613.75,116.481,1.92,16611.0,2.63,2446.0,2.9,2.6,2.2
2025-01-01,7.318,5.495,5.82,5.545,10.905,11.965,7.11,7.694,8.28,7.718,7.27,2.061,4.674,3.704,4.75,274292.6,116.463,2.02,25992.0,2.76,10702.0,3.0,3.0,2.492
2025-02-01,7.677,5.744,5.961,5.625,10.868,11.899,7.244,8.104,8.485,7.995,7.49,2.051,4.583,3.632,4.8975,231063.25,116.259,1.93,32219.0,2.75,5683.0,2.8,2.1,2.4450000000000003
2025-03-01,7.601,5.854,6.137,5.79,10.98,11.924,7.476,8.097,8.554,7.992,7.557,2.064,4.84,3.73,4.6125,187703.75,115.087,2.04,21705.0,2.85,8178.0,2.4,0.9,2.235
2025-04-01,7.733,5.996,6.142,5.801,11.12,12.326,7.551,7.98,8.627,7.995,7.616,2.059,4.743,3.675,4.815,178670.0,114.331,2.08,31828.0,2.93,3862.0,2.3,0.4,2.125
2025-05-01,7.729,6.018,6.245,5.981,11.032,12.207,7.688,7.875,8.401,7.939,7.57,2.061,4.618,3.66,4.534000000000001,149263.0,115.853,2.09,23671.0,2.99,6470.0,2.4,1.3,2.07
2025-06-01,8.016,6.103,6.342,6.12,11.491,12.923,7.672,8.197,8.457,8.203,7.762,2.086,4.686,3.616,4.3225,169791.5,115.965,2.14,28307.0,3.11,11140.0,2.7,1.9,2.3475
2025-07-01,8.188,6.338,6.504,6.254,11.875,13.554,8.035,8.439,8.69,8.397,7.909,2.078,4.962,3.627,4.0625,115573.75,114.735,2.23,42364.0,3.31,7311.0,2.7,2.0,2.45
2025-08-01,8.815,6.626,6.631,6.318,12.222,14.319,7.95,8.845,9.076,8.723,8.13,2.076,4.792,3.695,4.0200000000000005,172930.0,113.054,2.4,34150.0,3.65,6137.0,2.9,2.0,2.324
2025-09-01,8.68,6.326,6.643,6.323,12.262,14.135,8.182,9.232,9.36,9.04,8.506,2.061,4.785,3.825,4.234999999999999,189908.5,113.333,2.35,25602.0,3.61,4676.0,3.0,3.1,2.3775
2025-10-01,,,,,,,,,,,,,,,4.220000000000001,179944.2,119.362,2.3,37016.0,3.32,12450.0,-,2.5,2.334
2025-11-01,9.172,6.504,6.781,6.54,12.285,13.342,8.232,9.343,9.665,9.29,8.943,2.044,4.498,3.779,4.3575,201468.75,120.582,2.18,16854.0,3.24,6325.0,2.7,2.8,2.4975
2025-12-01,8.63,6.521,6.821,6.687,12.512,14.027,8.254,8.951,9.875,9.033,8.853,2.02,4.367,3.625,4.45,127546.0,121.954,2.32,14217.0,3.5,1967.0,2.7,2.0,2.2475
2026-01-01,8.463,6.693,6.868,6.752,12.302,13.837,8.191,8.709,9.836,8.824,8.546,2.041,4.346,3.767,4.336,173407.0,125.511,2.37,31563.0,3.6,13260.0,2.4,0.9,2.266
2026-02-01,8.358,6.703,6.895,6.739,12.739,14.191,8.338,8.957,10.095,8.926,8.587,2.049,4.562,3.522,4.3475,217255.25,125.045,2.32,36564.0,3.55,5035.0,2.4,1.6,2.525