observation_date,avg_price_beef_stew,avg_price_ground_chuck,avg_price_all_uncooked_ground,avg_price_ground_beef,avg_price_beef_steaks,avg_price_steak_sirloin,avg_price_ground_lean,avg_price_chuck_roast,avg_price_steak,avg_price_beef_roast,avg_price_round_roast
1991-01-01,2.586,1.996,,1.647,,4.293,2.184,2.622,3.389,,3.082
1991-02-01,2.528,1.992,,1.632,,4.234,2.176,2.602,3.386,,3.038
1991-03-01,2.663,1.971,,1.61,,4.342,2.151,2.619,3.473,,3.081
1991-04-01,2.588,1.98,,1.611,,4.371,2.184,2.631,3.482,,3.106
1991-05-01,2.613,1.988,,1.624,,4.452,2.188,2.588,3.488,,3.102
1991-06-01,2.572,1.987,,1.604,,4.41,2.143,2.599,3.447,,3.01
1991-07-01,2.592,1.96,,1.586,,4.407,2.146,2.515,3.412,,3.015
1991-08-01,2.609,1.97,,1.578,,4.38,2.167,2.51,3.355,,3.001
1991-09-01,2.578,1.95,,1.553,,4.229,2.131,2.464,3.362,,2.943
1991-10-01,2.591,1.942,,1.552,,4.19,2.137,2.465,3.328,,2.94
1991-11-01,2.609,1.949,,1.567,,4.152,2.181,2.553,3.384,,2.998
1991-12-01,2.594,1.932,,1.577,,4.018,2.142,2.547,3.38,,2.96
1992-01-01,2.557,1.926,,1.601,,4.03,2.184,2.49,3.404,,3.024
1992-02-01,2.625,1.932,,1.587,,4.129,2.186,2.462,3.416,,2.913
1992-03-01,2.652,1.972,,1.545,,4.189,2.186,2.603,3.452,,2.999
1992-04-01,2.64,1.949,,1.563,,4.249,2.174,2.569,3.451,,3.011
1992-05-01,2.601,1.924,,1.545,,4.173,2.158,2.512,3.388,,2.989
1992-06-01,2.599,1.917,,1.535,,4.326,2.155,2.515,3.395,,2.949
1992-07-01,2.465,1.857,,1.487,,4.312,2.092,2.479,3.334,,2.966
1992-08-01,2.522,1.88,,1.533,,4.278,2.127,2.422,3.342,,2.941
1992-09-01,2.566,1.894,,1.521,,4.349,2.129,2.469,3.322,,3.0
1992-10-01,2.559,1.896,,1.546,,4.175,2.157,2.477,3.385,,3.017
1992-11-01,2.575,1.909,,1.535,,4.247,2.155,2.487,3.383,,2.978
1992-12-01,2.559,1.908,,1.5,,4.229,2.155,2.549,3.342,,3.012
1993-01-01,2.579,1.97,,1.565,,4.171,2.209,2.529,3.425,,3.095
1993-02-01,2.597,1.957,,1.562,,4.427,2.194,2.568,3.442,,3.164
1993-03-01,2.642,1.984,,1.562,,4.424,2.209,2.545,3.427,,3.084
1993-04-01,2.617,2.0,,1.588,,4.511,2.223,2.554,3.492,,3.088
1993-05-01,2.646,1.975,,1.56,,4.602,2.228,2.567,3.467,,3.074
1993-06-01,2.562,1.933,,1.562,,4.608,2.189,2.55,3.456,,3.074
1993-07-01,2.605,1.945,,1.577,,4.51,2.22,2.596,3.372,,3.034
1993-08-01,2.55,1.911,,1.573,,4.415,2.228,2.5,3.329,,3.004
1993-09-01,2.569,1.886,,1.551,,4.389,2.22,2.474,3.354,,3.056
1993-10-01,2.508,1.913,,1.556,,4.304,2.235,2.535,3.33,,3.009
1993-11-01,2.584,1.922,,1.6,,4.263,2.245,2.526,3.363,,3.008
1993-12-01,2.555,1.907,,1.574,,4.261,2.249,2.471,3.322,,3.015
1994-01-01,2.569,1.892,,1.561,,4.238,2.219,2.442,3.319,,3.059
1994-02-01,2.572,1.882,,1.555,,4.197,2.234,2.492,3.267,,3.037
1994-03-01,2.532,1.904,,1.576,,4.163,2.208,2.503,3.293,,3.053
1994-04-01,2.58,1.872,,1.482,,4.319,2.213,2.482,3.35,,3.031
1994-05-01,2.535,1.857,,1.489,,4.4,2.222,2.499,3.309,,3.036
1994-06-01,2.541,1.865,,1.511,,4.29,2.181,2.39,3.22,,2.96
1994-07-01,2.472,1.797,,1.456,,4.307,2.16,2.355,3.162,,2.927
1994-08-01,2.542,1.841,,1.46,,4.228,2.123,2.466,3.163,,2.938
1994-09-01,2.538,1.853,,1.463,,4.265,2.145,2.431,3.295,,3.016
1994-10-01,2.554,1.857,,1.416,,4.172,2.168,2.443,3.204,,2.934
1994-11-01,2.482,1.826,,1.376,,4.265,2.146,2.401,3.227,,2.891
1994-12-01,2.493,1.838,,1.38,,4.209,2.137,2.448,3.244,,2.913
1995-01-01,2.504,1.847,,1.381,,4.19,2.17,2.423,3.288,,3.009
1995-02-01,2.477,1.859,,1.426,,4.19,2.168,2.454,3.254,,2.985
1995-03-01,2.533,1.881,,1.392,,4.25,2.174,2.486,3.253,,2.915
1995-04-01,2.517,1.839,,1.365,,4.214,2.159,2.415,3.291,,2.926
1995-05-01,2.517,1.866,,1.322,,4.306,2.153,2.388,3.207,,2.964
1995-06-01,2.501,1.821,,1.333,,4.37,2.072,2.401,3.136,,2.818
1995-07-01,2.495,1.798,,1.365,,4.401,2.016,2.363,3.209,,2.827
1995-08-01,2.491,1.818,,1.328,,4.296,2.035,2.362,3.113,,2.792
1995-09-01,2.428,1.776,,1.376,,4.158,2.056,2.41,3.153,,2.813
1995-10-01,2.517,1.853,,1.371,,4.169,2.076,2.454,3.149,,2.914
1995-11-01,2.508,1.846,,1.368,,4.155,2.053,2.451,3.221,,2.852
1995-12-01,2.535,1.85,,1.403,,4.011,2.038,2.498,3.197,,2.766
1996-01-01,2.531,1.799,,1.35,,4.179,2.045,2.44,3.225,,2.868
1996-02-01,2.53,1.796,,1.403,,4.162,2.03,2.444,3.124,,2.829
1996-03-01,2.512,1.764,,1.375,,4.235,2.042,2.431,3.084,,2.819
1996-04-01,2.515,1.808,,1.354,,4.232,2.045,2.44,3.119,,2.682
1996-05-01,2.493,1.736,,1.319,,4.193,1.973,2.39,3.074,,2.716
1996-06-01,2.434,1.734,,1.324,,4.302,2.013,2.333,3.079,,2.707
1996-07-01,2.473,1.803,,1.352,,4.201,2.032,2.318,3.076,,2.683
1996-08-01,2.479,1.823,,1.391,,4.274,2.055,2.434,3.029,,2.742
1996-09-01,2.408,1.797,,1.36,,4.2,2.046,2.424,3.139,,2.824
1996-10-01,2.496,1.844,,1.371,,4.087,2.07,2.47,3.137,,2.915
1996-11-01,2.56,1.867,,1.403,,4.219,2.063,2.489,3.126,,2.864
1996-12-01,2.56,1.848,,1.424,,4.225,2.051,2.471,3.222,,2.953
1997-01-01,2.541,1.85,,1.409,,4.172,2.06,2.44,3.132,,2.88
1997-02-01,2.505,1.857,,1.398,,4.03,2.073,2.441,3.139,,2.907
1997-03-01,2.473,1.822,,1.356,,4.128,2.026,2.449,3.145,,2.889
1997-04-01,2.524,1.831,,1.381,,4.216,2.039,2.422,3.079,,2.866
1997-05-01,2.542,1.854,,1.382,,4.225,2.071,2.419,3.168,,2.803
1997-06-01,2.524,1.848,,1.408,,4.203,2.059,2.385,3.032,,2.798
1997-07-01,2.477,1.802,,1.402,,4.237,2.071,2.425,3.056,,2.764
1997-08-01,2.528,1.841,,1.394,,4.374,2.071,2.468,3.069,,2.776
1997-09-01,2.481,1.844,,1.42,,4.304,2.061,2.477,3.082,,2.759
1997-10-01,2.472,1.847,,1.406,,4.206,2.059,2.423,3.08,,2.779
1997-11-01,2.515,1.851,,1.409,,4.225,2.047,2.406,3.093,,2.81
1997-12-01,2.513,1.811,,1.392,,4.166,2.058,2.447,3.093,,2.782
1998-01-01,2.589,1.818,1.846,1.457,3.642,4.151,2.058,2.317,3.1,2.643,2.774
1998-02-01,2.548,1.798,1.823,1.398,3.62,4.099,2.04,2.307,3.099,2.663,2.738
1998-03-01,2.594,1.842,1.838,1.413,3.65,4.102,2.05,2.362,3.154,2.673,2.726
1998-04-01,2.581,1.841,1.83,1.419,3.665,4.206,2.046,2.332,3.204,2.644,2.751
1998-05-01,2.584,1.796,1.829,1.411,3.656,4.175,2.042,2.363,3.041,2.658,2.756
1998-06-01,2.6,1.796,1.825,1.388,3.713,4.397,2.051,2.334,2.995,2.615,2.652
1998-07-01,2.546,1.768,1.834,1.447,3.671,4.249,2.045,2.308,3.096,2.64,2.719
1998-08-01,2.532,1.823,1.847,1.426,3.676,4.222,2.082,2.398,3.083,2.687,2.72
1998-09-01,2.504,1.806,1.835,1.361,3.656,4.089,2.083,2.357,3.129,2.664,2.691
1998-10-01,2.476,1.809,1.845,1.393,3.641,4.157,2.093,2.364,3.001,2.641,2.699
1998-11-01,2.546,1.809,1.855,1.442,3.674,4.182,2.074,2.419,3.087,2.666,2.758
1998-12-01,2.547,1.818,1.841,1.388,3.694,4.242,2.081,2.398,3.083,2.694,2.747
1999-01-01,2.534,1.834,1.849,1.382,3.69,4.28,2.093,2.361,3.064,2.654,2.739
1999-02-01,2.527,1.862,1.887,1.431,3.676,4.22,2.118,2.399,3.114,2.668,2.757
1999-03-01,2.605,1.834,1.87,1.404,3.669,4.113,2.103,2.39,3.125,2.688,2.782
1999-04-01,2.577,1.833,1.884,1.429,3.697,4.167,2.113,2.441,3.118,2.71,2.772
1999-05-01,2.571,1.812,1.869,1.444,3.746,4.391,2.108,2.317,3.085,2.67,2.694
1999-06-01,2.577,1.815,1.889,1.448,3.783,4.416,2.123,2.426,3.129,2.701,2.733
1999-07-01,2.601,1.81,1.861,1.435,3.78,4.413,2.083,2.427,3.168,2.724,2.702
1999-08-01,2.558,1.826,1.877,1.442,3.772,4.399,2.102,2.446,3.123,2.712,2.662
1999-09-01,2.569,1.852,1.916,1.484,3.782,4.387,2.147,2.453,3.102,2.745,2.801
1999-10-01,2.595,1.866,1.925,1.496,3.822,4.48,2.161,2.407,3.138,2.786,2.851
1999-11-01,2.593,1.863,1.93,1.518,3.862,4.567,2.145,2.436,3.182,2.75,2.781
1999-12-01,2.633,1.882,1.933,1.528,3.882,4.595,2.153,2.373,3.155,2.739,2.864
2000-01-01,2.71,1.903,1.942,1.483,3.854,4.473,2.191,2.397,3.177,2.748,2.835
2000-02-01,2.718,1.894,1.946,1.516,3.868,4.486,2.185,2.432,3.244,2.821,2.968
2000-03-01,2.715,1.911,1.978,1.532,3.885,4.547,2.217,2.515,3.152,2.839,2.933
2000-04-01,2.718,1.925,2.005,1.584,3.95,4.646,2.241,2.489,3.222,2.867,2.954
2000-05-01,2.671,1.921,2.013,1.57,4.006,4.749,2.263,2.465,3.215,2.875,2.968
2000-06-01,2.71,1.955,2.008,1.556,4.09,4.779,2.266,2.526,3.261,2.902,2.949
2000-07-01,2.723,1.954,2.019,1.574,4.067,4.91,2.276,2.588,3.269,2.932,2.859
2000-08-01,2.728,1.953,2.045,1.611,4.099,4.947,2.306,2.506,3.288,2.896,2.925
2000-09-01,2.644,1.946,2.035,1.579,4.112,4.902,2.306,2.567,3.258,2.937,2.995
2000-10-01,2.687,1.959,2.025,1.582,4.044,4.78,2.285,2.562,3.218,2.917,2.95
2000-11-01,2.663,1.952,2.044,1.621,4.057,4.704,2.295,2.512,3.255,2.882,2.931
2000-12-01,2.724,1.976,2.062,1.625,4.088,4.811,2.327,2.515,3.278,2.925,3.025
2001-01-01,2.888,2.037,2.101,1.693,4.16,4.747,2.367,2.698,3.405,3.106,3.178
2001-02-01,2.841,2.059,2.159,1.732,4.295,4.985,2.407,2.795,3.518,3.161,3.223
2001-03-01,2.93,2.057,2.169,1.74,4.342,5.131,2.425,2.819,3.552,3.165,3.156
2001-04-01,2.999,2.052,2.193,1.763,4.429,5.323,2.468,2.809,3.504,3.191,3.256
2001-05-01,2.972,2.113,2.195,1.735,4.466,5.394,2.464,2.765,3.527,3.17,3.27
2001-06-01,2.943,2.157,2.21,1.703,4.505,5.577,2.493,2.673,3.531,3.141,3.183
2001-07-01,2.946,2.114,2.183,1.68,4.532,5.636,2.445,2.801,3.518,3.166,3.157
2001-08-01,2.979,2.101,2.21,1.634,4.411,5.456,2.536,2.817,3.393,3.191,3.233
2001-09-01,2.995,2.15,2.217,1.717,4.43,5.368,2.494,2.748,3.511,3.159,3.252
2001-10-01,3.009,2.132,2.236,1.713,4.421,5.206,2.541,2.836,3.501,3.149,3.184
2001-11-01,3.022,2.143,2.225,1.747,4.393,5.249,2.499,2.882,3.543,3.191,3.251
2001-12-01,2.984,2.161,2.22,1.713,4.349,5.192,2.508,2.78,3.464,3.125,3.18
2002-01-01,2.952,2.152,2.211,1.734,4.375,5.169,2.461,2.732,3.524,3.094,3.181
2002-02-01,2.96,2.214,2.251,1.7,4.354,5.121,2.554,2.812,3.555,3.167,3.21
2002-03-01,3.046,2.196,2.256,1.74,4.423,5.272,2.541,2.725,3.534,3.154,3.23
2002-04-01,2.987,2.097,2.252,1.784,4.421,5.244,2.511,2.859,3.434,3.214,3.269
2002-05-01,2.999,2.145,2.316,1.737,4.5,5.288,2.613,2.799,3.502,3.226,3.192
2002-06-01,2.935,2.098,2.287,1.719,4.414,5.434,2.575,2.773,3.309,3.138,3.252
2002-07-01,2.923,2.138,2.3,1.659,4.423,5.335,2.583,2.632,3.455,3.073,3.157
2002-08-01,2.893,2.175,2.326,1.669,4.424,5.402,2.613,2.69,3.604,3.097,3.171
2002-09-01,2.885,2.065,2.3,1.676,4.42,5.259,2.604,2.655,3.483,3.116,3.202
2002-10-01,2.946,2.116,2.351,1.721,4.358,5.377,2.629,2.719,3.367,3.11,3.047
2002-11-01,2.946,2.086,2.3,1.721,4.405,5.225,2.624,2.713,3.697,3.075,3.171
2002-12-01,2.905,2.121,2.314,1.693,4.378,5.452,2.622,2.806,3.552,3.175,3.198
2003-01-01,2.863,2.131,2.315,1.722,4.416,5.424,2.6,2.796,3.72,3.226,3.362
2003-02-01,2.948,2.203,2.378,1.778,4.613,5.418,2.69,2.844,3.879,3.216,3.259
2003-03-01,3.084,2.196,2.392,1.858,4.621,5.454,2.696,2.943,3.8,3.306,3.273
2003-04-01,3.043,2.206,2.423,1.855,4.595,5.627,2.74,3.045,3.737,3.376,3.402
2003-05-01,3.018,2.191,2.368,1.856,4.512,5.473,2.657,3.014,3.712,3.365,3.371
2003-06-01,3.005,2.239,2.389,1.932,4.736,5.862,2.645,2.962,3.773,3.319,3.248
2003-07-01,3.043,2.194,2.399,1.878,4.751,6.016,2.672,3.01,3.605,3.398,3.331
2003-08-01,2.99,2.22,2.434,2.006,4.744,5.956,2.674,3.019,3.641,3.426,3.231
2003-09-01,3.04,2.286,2.465,2.022,4.876,5.946,2.729,2.898,3.74,3.413,3.229
2003-10-01,3.103,2.35,2.494,2.01,5.067,6.14,2.768,3.222,3.864,3.59,3.516
2003-11-01,3.523,2.491,2.66,2.256,5.506,7.083,2.904,3.453,4.279,3.979,3.858
2003-12-01,3.595,2.621,2.708,2.232,5.573,6.925,2.932,3.359,4.271,3.994,3.855
2004-01-01,3.427,2.585,2.702,2.26,5.319,6.343,2.906,3.378,4.038,3.878,3.637
2004-02-01,3.335,2.558,2.692,2.25,5.326,6.337,2.892,3.334,4.172,3.896,3.752
2004-03-01,3.323,2.473,2.65,2.196,5.271,6.414,2.86,3.177,4.022,3.743,3.719
2004-04-01,3.41,2.486,2.646,2.089,5.366,6.614,2.901,3.229,4.055,3.711,3.672
2004-05-01,3.296,2.522,2.641,2.125,5.455,6.96,2.88,3.216,4.165,3.74,3.647
2004-06-01,3.215,2.485,2.658,2.078,5.575,7.376,2.946,3.329,4.115,3.797,3.759
2004-07-01,3.228,2.462,2.653,2.095,5.562,7.352,2.911,3.264,4.17,3.844,3.759
2004-08-01,3.36,2.537,2.693,2.13,5.456,6.873,2.938,3.34,4.108,3.772,3.693
2004-09-01,3.404,2.512,2.698,2.121,5.329,6.858,2.995,3.263,4.103,3.78,3.84
2004-10-01,3.262,2.484,2.702,2.21,5.246,6.139,2.97,3.272,4.145,3.792,3.77
2004-11-01,3.307,2.461,2.72,2.216,5.235,6.114,2.972,3.296,4.253,3.832,3.836
2004-12-01,3.268,2.465,2.705,2.14,5.184,6.085,2.987,3.368,4.261,3.84,3.853
2005-01-01,3.306,2.478,2.712,2.191,5.168,6.064,2.991,3.254,4.241,3.784,3.894
2005-02-01,3.386,2.531,2.754,2.229,5.258,5.993,3.033,3.425,4.401,3.908,4.056
2005-03-01,3.449,2.519,2.759,2.218,5.292,6.36,3.057,3.519,4.267,3.951,4.081
2005-04-01,3.321,2.504,2.775,2.309,5.39,6.513,3.055,3.252,4.177,3.799,3.904
2005-05-01,3.314,2.572,2.752,2.363,5.398,6.739,2.974,3.297,4.113,3.809,3.837
2005-06-01,3.328,2.542,2.735,2.338,5.272,6.351,2.964,3.295,4.149,3.783,3.807
2005-07-01,3.35,2.541,2.719,2.299,5.059,5.889,2.937,3.259,3.901,3.67,3.682
2005-08-01,3.302,2.502,2.715,2.422,4.987,5.807,2.911,3.134,3.995,3.619,3.629
2005-09-01,3.282,2.535,2.731,2.377,4.9,5.953,2.938,3.159,3.801,3.6,3.439
2005-10-01,3.292,2.564,2.726,2.206,4.989,5.937,2.949,3.189,4.056,3.535,3.4
2005-11-01,3.277,2.568,2.729,2.302,4.934,5.739,2.949,3.243,3.935,3.684,3.66
2005-12-01,3.318,2.606,2.732,2.303,5.026,5.934,2.908,3.374,4.115,3.734,3.7
2006-01-01,3.321,2.607,2.742,2.277,5.06,5.969,2.963,3.17,4.089,3.681,3.606
2006-02-01,3.361,2.556,2.701,2.188,5.076,5.934,2.929,3.295,4.11,3.742,3.655
2006-03-01,3.345,2.568,2.749,2.251,5.106,6.113,2.936,3.219,4.014,3.699,3.659
2006-04-01,3.403,2.599,2.735,2.228,5.085,5.991,2.95,3.287,3.995,3.645,3.564
2006-05-01,3.345,2.508,2.714,2.24,5.03,6.048,2.908,3.08,3.89,3.58,3.494
2006-06-01,3.186,2.543,2.709,2.237,5.021,6.168,2.906,3.078,3.927,3.603,3.521
2006-07-01,3.167,2.459,2.66,2.147,5.005,6.065,2.887,3.064,3.846,3.585,3.525
2006-08-01,3.263,2.543,2.698,2.213,5.104,6.182,2.9,3.051,3.934,3.602,3.556
2006-09-01,3.297,2.508,2.713,2.202,5.055,5.901,2.962,3.101,3.976,3.599,3.552
2006-10-01,3.341,2.542,2.71,2.206,5.091,5.796,2.912,3.169,4.121,3.674,3.555
2006-11-01,3.376,2.564,2.727,2.206,5.094,5.766,2.973,3.299,4.106,3.679,3.598
2006-12-01,3.342,2.606,2.74,2.259,5.082,5.791,2.952,3.209,3.987,3.602,3.586
2007-01-01,3.326,2.63,2.73,2.185,5.112,5.786,2.934,3.066,4.055,3.647,3.8
2007-02-01,3.431,2.639,2.776,2.304,5.129,5.83,3.001,3.343,4.16,3.779,3.94
2007-03-01,3.517,2.628,2.809,2.292,5.291,6.017,3.049,3.357,4.213,3.727,3.897
2007-04-01,3.488,2.676,2.824,2.254,5.411,5.982,3.069,3.419,4.126,3.895,3.921
2007-05-01,3.577,2.766,2.869,2.307,5.413,6.402,3.125,3.483,4.134,3.828,3.873
2007-06-01,3.543,2.739,2.855,2.333,5.314,6.162,3.061,3.395,4.124,3.802,3.753
2007-07-01,3.56,2.734,2.843,2.366,5.269,5.745,3.103,3.337,4.244,3.76,3.775
2007-08-01,3.554,2.695,2.868,2.395,5.252,6.05,3.094,3.332,4.09,3.795,3.828
2007-09-01,3.525,2.744,2.896,2.372,5.341,6.131,3.142,3.506,4.151,3.83,3.802
2007-10-01,3.596,2.705,2.893,2.26,5.254,5.74,3.092,3.486,4.044,3.693,3.593
2007-11-01,3.481,2.738,2.912,2.289,5.345,5.906,3.109,3.426,3.935,3.797,3.764
2007-12-01,3.501,2.702,2.871,2.234,5.287,5.907,3.068,3.395,4.043,3.766,3.721
2008-01-01,3.572,2.725,2.902,2.328,5.291,5.818,3.129,3.371,3.984,3.76,3.711
2008-02-01,3.661,2.791,2.946,2.381,5.276,5.905,3.161,3.333,4.123,3.794,3.854
2008-03-01,3.733,2.832,2.966,2.293,5.333,5.947,3.157,3.497,4.071,3.873,3.858
2008-04-01,3.676,2.829,2.953,2.323,5.283,5.699,3.154,3.252,4.088,3.73,3.763
2008-05-01,3.792,2.798,2.964,2.313,5.359,5.999,3.176,3.355,4.178,3.825,3.841
2008-06-01,3.788,2.835,3.008,2.269,5.408,5.928,3.198,3.406,4.278,3.891,3.848
2008-07-01,3.751,2.785,2.987,2.258,5.507,5.95,3.228,3.498,4.229,3.988,4.071
2008-08-01,3.854,2.964,3.098,2.371,5.589,6.399,3.314,3.647,4.439,4.043,4.206
2008-09-01,3.869,2.981,3.128,2.419,5.528,6.213,3.34,3.768,4.423,4.101,4.119
2008-10-01,3.914,2.956,3.167,2.402,5.532,6.119,3.418,3.9,4.431,4.154,4.158
2008-11-01,3.955,2.987,3.172,2.357,5.398,5.858,3.434,3.792,4.241,4.074,4.077
2008-12-01,3.861,2.999,3.193,2.406,5.377,6.065,3.435,3.608,4.369,4.007,4.058
2009-01-01,3.818,2.961,3.157,2.357,5.219,5.739,3.426,3.724,4.203,4.051,4.098
2009-02-01,3.852,3.019,3.185,2.436,5.304,5.675,3.44,3.756,4.261,4.112,4.153
2009-03-01,3.766,2.976,3.139,2.269,5.279,5.769,3.355,3.706,4.148,3.955,3.953
2009-04-01,3.792,2.994,3.133,2.251,5.293,5.846,3.332,3.618,4.103,3.92,3.971
2009-05-01,3.836,2.876,3.114,2.257,5.421,6.194,3.427,3.723,3.965,3.903,3.967
2009-06-01,3.702,2.873,3.128,2.234,5.417,6.181,3.469,3.473,4.118,3.912,4.046
2009-07-01,3.841,2.8,3.028,2.147,5.289,5.853,3.304,3.529,4.012,3.864,3.881
2009-08-01,3.712,2.843,3.101,2.134,5.359,5.905,3.452,3.574,4.164,3.871,3.83
2009-09-01,3.694,2.782,3.05,2.138,5.276,5.86,3.397,3.562,4.025,3.941,3.904
2009-10-01,3.815,2.785,3.05,2.177,5.216,5.56,3.378,3.673,4.093,3.931,3.873
2009-11-01,3.758,2.797,3.057,2.062,5.397,5.748,3.415,4.023,4.376,4.13,4.162
2009-12-01,3.761,2.828,3.071,2.186,5.367,5.676,3.391,3.92,4.176,4.006,4.079
2010-01-01,3.633,2.825,3.065,2.279,5.273,5.312,3.397,3.751,4.084,3.99,4.06
2010-02-01,3.843,2.881,3.113,2.277,5.193,5.415,3.449,3.832,4.075,4.014,3.933
2010-03-01,3.841,2.824,3.099,2.24,5.286,5.627,3.448,3.841,4.271,4.073,4.11
2010-04-01,3.894,2.89,3.15,2.364,5.551,6.056,3.482,3.853,4.359,4.044,3.988
2010-05-01,3.706,2.921,3.16,2.309,5.619,6.136,3.52,3.719,4.266,4.071,4.1
2010-06-01,3.94,2.965,3.227,2.4,5.63,5.997,3.514,3.844,4.429,4.039,4.054
2010-07-01,3.872,2.936,3.225,2.453,5.544,5.662,3.512,3.915,4.303,4.084,4.069
2010-08-01,3.881,2.849,3.234,2.502,5.475,5.672,3.575,3.783,4.195,4.054,4.028
2010-09-01,3.99,2.915,3.187,2.398,5.532,5.821,3.496,4.036,4.315,4.136,4.114
2010-10-01,3.989,2.978,3.266,2.397,5.631,6.004,3.628,3.874,4.411,4.121,4.182
2010-11-01,4.035,2.949,3.211,2.394,5.667,6.145,3.505,3.911,4.339,4.197,4.276
2010-12-01,4.077,2.932,3.195,2.378,5.604,6.071,3.494,3.863,4.295,4.153,4.076
2011-01-01,3.969,2.991,3.277,2.533,5.693,6.268,3.588,3.889,4.379,4.241,4.166
2011-02-01,4.021,3.058,3.32,2.659,5.728,6.248,3.556,3.992,4.549,4.337,4.347
2011-03-01,4.228,3.151,3.443,2.715,5.796,6.463,3.76,4.124,4.459,4.444,4.378
2011-04-01,4.335,3.25,3.427,2.722,5.98,6.325,3.666,4.164,4.711,4.443,4.42
2011-05-01,4.305,3.277,3.501,2.694,5.964,6.191,3.849,4.275,4.666,4.46,4.407
2011-06-01,4.326,3.211,3.497,2.774,5.833,5.891,3.878,4.306,4.554,4.439,4.429
2011-07-01,4.275,3.272,3.528,2.818,5.844,6.041,3.89,4.264,4.558,4.551,4.472
2011-08-01,4.334,3.231,3.482,2.819,5.948,6.3,3.812,4.263,4.682,4.487,4.324
2011-09-01,4.326,3.105,3.444,2.868,6.022,6.282,3.816,4.306,4.691,4.524,4.505
2011-10-01,4.293,3.218,3.505,2.876,6.048,6.32,3.815,4.3,4.719,4.518,4.414
2011-11-01,4.23,3.197,3.496,2.899,6.011,6.21,3.763,4.468,4.6,4.628,4.451
2011-12-01,4.305,3.265,3.547,2.921,6.044,6.162,3.842,4.579,4.723,4.674,4.558
2012-01-01,4.432,3.292,3.6,3.005,6.124,6.401,3.884,4.559,4.843,4.694,4.673
2012-02-01,4.448,3.294,3.621,2.947,6.033,6.405,3.922,4.513,4.78,4.676,4.7
2012-03-01,4.479,3.366,3.664,3.016,6.079,6.531,3.969,4.445,4.813,4.665,4.688
2012-04-01,4.424,3.327,3.663,2.998,6.208,6.519,3.966,4.354,4.901,4.68,4.743
2012-05-01,4.447,3.379,3.693,2.995,6.295,6.42,4.037,4.352,4.867,4.725,4.676
2012-06-01,4.525,3.448,3.715,3.007,6.378,6.817,4.052,4.188,4.801,4.697,4.707
2012-07-01,4.483,3.449,3.747,3.085,6.328,6.904,4.118,4.301,4.843,4.671,4.872
2012-08-01,4.474,3.447,3.766,2.991,6.262,6.718,4.197,4.197,4.81,4.661,4.85
2012-09-01,4.508,3.482,3.754,3.024,6.315,6.771,4.122,4.197,4.728,4.594,4.674
2012-10-01,4.565,3.514,3.759,,6.295,6.749,4.115,4.505,4.669,4.782,4.818
2012-11-01,4.633,3.46,3.802,3.175,6.31,6.799,4.175,4.567,4.77,4.76,4.754
2012-12-01,4.623,3.464,3.82,3.08,6.301,6.781,4.213,4.542,4.701,4.741,4.7
2013-01-01,4.561,3.406,3.841,3.407,6.408,6.975,4.709,4.537,4.983,4.681,4.825
2013-02-01,4.655,3.408,3.814,3.379,6.363,7.078,4.705,4.57,4.899,4.716,4.635
2013-03-01,4.686,3.417,3.839,3.332,6.267,6.928,4.873,4.747,4.961,4.748,4.605
2013-04-01,4.655,3.479,3.823,3.268,6.232,6.864,4.811,4.633,4.818,4.689,4.551
2013-05-01,4.553,3.461,3.75,3.311,6.369,6.791,4.861,4.475,4.804,4.707,4.601
2013-06-01,4.511,3.403,3.757,3.382,6.422,6.827,4.805,4.554,4.853,4.796,4.612
2013-07-01,4.527,3.423,3.79,3.459,6.425,6.68,4.801,4.521,4.856,4.866,4.674
2013-08-01,4.533,3.511,3.829,3.454,6.34,6.604,4.889,4.657,4.955,4.876,4.748
2013-09-01,4.428,3.445,3.823,3.502,6.399,6.808,4.78,4.542,4.874,4.833,4.661
2013-10-01,4.538,3.492,3.823,3.389,6.363,6.82,5.018,4.619,4.709,4.821,4.661
2013-11-01,4.603,3.61,3.887,3.477,6.326,6.803,5.022,4.739,4.822,4.887,4.609
2013-12-01,4.643,3.585,3.895,3.46,6.344,6.776,5.057,4.716,5.006,4.905,4.63
2014-01-01,4.628,3.586,3.897,3.467,6.339,6.773,5.021,4.534,5.033,4.827,4.641
2014-02-01,4.93,3.733,4.038,3.555,6.556,6.966,5.189,4.94,5.284,5.221,5.046
2014-03-01,5.057,3.745,4.134,3.698,6.726,7.046,5.273,4.944,5.295,5.231,4.983
2014-04-01,5.221,3.886,4.226,3.808,6.974,7.356,5.423,5.073,5.522,5.374,5.16
2014-05-01,5.119,3.849,4.213,3.856,6.941,7.588,5.356,5.014,5.629,5.339,5.166
2014-06-01,5.023,3.907,4.237,3.88,6.974,7.689,5.484,5.1,5.495,5.299,5.004
2014-07-01,5.155,3.917,4.224,3.884,7.001,7.87,5.408,5.133,5.577,5.366,5.187
2014-08-01,5.328,4.024,4.357,4.013,7.363,8.25,5.623,5.472,5.826,5.711,5.505
2014-09-01,5.449,4.201,4.504,4.096,7.397,8.233,5.828,5.519,6.026,5.738,5.584
2014-10-01,5.456,4.294,4.565,4.154,7.404,8.103,5.972,5.443,6.068,5.686,5.552
2014-11-01,5.546,4.26,4.593,4.201,7.473,8.277,6.043,5.526,6.157,5.776,5.623
2014-12-01,5.652,4.217,4.598,4.156,7.541,8.147,6.078,5.682,6.261,5.854,5.661
2015-01-01,5.712,4.375,4.675,4.235,7.53,8.08,6.032,5.624,6.052,5.838,5.62
2015-02-01,5.552,4.403,4.708,4.238,7.569,8.194,6.184,5.546,6.18,5.844,5.657
2015-03-01,5.595,4.364,4.677,4.2,7.661,8.372,6.099,5.563,6.209,5.872,5.736
2015-04-01,5.654,4.323,4.681,4.231,7.684,8.329,6.105,5.659,6.157,5.864,5.644
2015-05-01,5.581,4.308,4.653,4.136,7.773,8.816,6.195,5.7,6.185,5.915,5.653
2015-06-01,5.7,4.324,4.676,4.221,7.917,8.842,6.111,5.704,6.183,5.927,5.638
2015-07-01,5.684,4.266,4.637,4.2,7.962,8.837,6.184,5.677,6.243,5.905,5.685
2015-08-01,5.587,4.222,4.618,4.159,7.91,8.697,6.116,5.639,6.147,5.871,5.688
2015-09-01,5.608,4.195,4.604,4.126,7.89,8.864,6.139,5.513,6.184,5.785,5.601
2015-10-01,5.579,4.119,4.572,4.083,7.836,8.802,6.097,5.546,6.209,5.762,5.523
2015-11-01,5.421,4.082,4.551,4.113,7.788,8.724,6.047,5.649,6.081,5.718,5.445
2015-12-01,5.498,4.025,4.485,4.06,7.509,8.287,5.885,5.414,5.932,5.482,5.279
2016-01-01,5.373,4.019,4.396,3.978,7.468,8.144,5.7,5.177,5.856,5.421,5.225
2016-02-01,5.541,3.945,4.379,3.964,7.502,8.275,5.611,5.346,6.002,5.526,5.295
2016-03-01,5.585,3.929,4.371,3.955,7.686,8.514,5.678,5.321,5.968,5.662,5.47
2016-04-01,5.44,3.933,4.327,3.815,7.756,8.502,5.638,5.194,6.026,5.576,5.406
2016-05-01,5.442,3.902,4.298,3.717,7.759,8.678,5.742,5.381,6.07,5.687,5.534
2016-06-01,5.38,3.84,4.263,3.725,7.681,8.69,5.786,5.323,6.134,5.601,5.443
2016-07-01,5.215,3.807,4.234,3.69,7.546,8.521,5.865,5.211,5.76,5.504,5.274
2016-08-01,5.203,3.912,4.25,3.657,7.569,8.544,5.844,5.124,5.758,5.451,5.133
2016-09-01,5.05,3.791,4.22,3.665,7.51,8.585,5.764,5.163,6.067,5.315,5.016
2016-10-01,5.196,3.742,4.158,3.679,7.413,8.323,5.693,5.129,5.807,5.277,4.82
2016-11-01,5.143,3.703,4.091,3.597,7.217,7.943,5.672,5.187,5.758,5.301,4.987
2016-12-01,5.262,3.619,4.043,3.559,7.121,7.91,5.542,5.104,5.556,5.159,4.884
2017-01-01,5.084,3.621,4.057,3.553,7.094,7.79,5.543,4.962,5.733,5.138,4.934
2017-02-01,5.042,3.549,4.029,3.557,7.154,7.848,5.563,5.186,5.754,5.208,5.088
2017-03-01,5.073,3.59,4.067,3.594,7.176,7.856,5.612,5.141,5.728,5.264,5.152
2017-04-01,5.188,3.675,4.078,3.547,7.277,8.081,5.707,5.126,5.577,5.315,5.124
2017-05-01,5.411,3.645,4.078,3.559,7.315,8.082,5.613,5.145,5.758,5.354,5.202
2017-06-01,5.677,3.768,4.16,3.679,7.525,8.349,5.759,5.342,5.838,5.498,5.29
2017-07-01,5.631,3.866,4.212,3.754,7.606,8.359,5.741,5.228,5.939,5.453,5.326
2017-08-01,5.69,3.785,4.207,3.732,7.479,8.251,5.888,5.189,5.838,5.349,5.182
2017-09-01,5.536,3.801,4.207,3.707,7.363,8.084,5.772,5.098,5.882,5.329,5.168
2017-10-01,5.399,3.703,4.1,3.688,7.388,8.039,5.369,5.124,5.778,5.156,4.916
2017-11-01,5.329,3.775,4.102,3.638,7.352,7.906,5.43,5.09,5.798,5.163,4.934
2017-12-01,5.343,3.729,4.128,3.708,7.364,7.927,5.516,5.12,5.832,5.207,5.02
2018-01-01,,3.668,4.068,3.641,7.415,8.205,5.247,4.792,5.608,5.109,4.925
2018-02-01,,3.659,4.07,3.642,7.392,8.297,5.333,4.996,5.619,5.184,4.99
2018-03-01,,3.728,4.099,3.657,7.507,8.339,5.367,5.026,5.512,5.259,5.107
2018-04-01,,3.775,4.155,3.73,7.703,8.551,5.523,5.168,5.785,5.378,5.192
2018-05-01,,3.688,4.079,3.685,7.64,8.247,5.426,5.234,5.649,5.369,5.179
2018-06-01,,3.824,4.115,3.729,7.673,8.509,5.36,5.301,5.8,5.481,5.205
2018-07-01,,3.786,4.149,3.745,7.725,8.552,5.36,5.458,5.694,5.508,5.163
2018-08-01,,3.738,4.155,3.792,7.724,8.561,5.381,5.399,5.807,5.506,5.152
2018-09-01,,3.701,4.12,3.743,7.678,8.544,5.404,5.332,5.839,5.386,4.995
2018-10-01,,3.692,4.091,3.714,7.595,8.331,5.252,5.173,5.791,5.203,4.875
2018-11-01,5.518,3.745,4.166,3.781,7.572,8.375,5.245,5.222,5.681,5.17,4.806
2018-12-01,5.399,3.709,4.139,3.725,7.579,8.311,5.262,5.122,5.687,5.202,4.791
2019-01-01,5.527,3.727,4.173,3.801,7.598,8.348,5.253,5.139,5.601,5.283,5.011
2019-02-01,5.593,3.847,4.169,3.758,7.597,8.529,5.208,5.145,5.722,5.319,4.968
2019-03-01,5.601,3.831,4.138,3.725,7.74,8.575,5.186,5.467,5.839,5.439,5.16
2019-04-01,5.79,3.907,4.198,3.775,7.755,8.706,5.288,5.246,5.856,5.445,5.26
2019-05-01,,4.023,4.277,3.822,7.798,8.662,5.486,5.476,5.892,5.521,5.374
2019-06-01,5.647,3.951,4.231,3.812,7.679,8.133,5.428,5.517,5.882,5.627,5.401
2019-07-01,5.575,4.001,4.258,3.8,7.716,8.284,5.462,5.479,5.977,5.609,5.458
2019-08-01,5.614,4.019,4.249,3.819,7.652,8.134,5.444,5.279,5.834,5.471,5.305
2019-09-01,5.632,3.885,4.209,3.851,7.658,8.083,5.351,5.294,5.858,5.43,5.222
2019-10-01,5.566,4.027,4.262,3.841,7.667,8.225,5.463,5.131,5.774,5.277,4.988
2019-11-01,5.792,3.993,4.241,3.812,7.535,8.318,5.475,5.404,5.793,5.376,5.211
2019-12-01,5.751,4.066,4.3,3.862,7.709,8.481,5.518,5.646,5.977,5.537,5.069
2020-01-01,5.754,4.1,4.343,3.886,7.653,8.441,5.63,5.398,5.963,5.515,5.062
2020-02-01,5.83,4.033,4.298,3.865,7.642,8.333,5.521,5.368,6.091,5.532,5.26
2020-03-01,5.73,4.108,4.355,3.881,7.676,8.265,5.635,5.382,6.091,5.535,5.175
2020-04-01,5.697,4.343,4.556,4.052,7.951,8.6,5.708,5.786,6.41,5.896,5.528
2020-05-01,6.308,4.789,4.931,4.461,8.957,9.48,6.101,7.049,7.301,7.068,6.906
2020-06-01,6.752,5.33,5.291,4.737,9.518,10.423,6.314,7.165,7.394,7.057,6.546
2020-07-01,6.336,4.732,4.84,4.264,8.698,9.413,6.052,6.476,6.95,6.461,5.884
2020-08-01,5.995,4.307,4.64,4.177,8.213,8.875,5.76,5.972,6.579,6.059,5.668
2020-09-01,5.872,4.165,4.547,4.076,8.133,8.795,5.73,5.849,6.447,6.035,5.76
2020-10-01,5.696,4.212,4.552,4.008,8.154,8.931,5.758,5.749,6.383,5.841,5.614
2020-11-01,5.729,4.33,4.596,4.027,8.081,8.876,5.672,5.96,6.449,5.883,5.522
2020-12-01,5.87,4.202,4.555,3.951,8.085,8.98,5.715,6.008,6.339,5.868,5.302
2021-01-01,5.949,4.31,4.543,3.965,8.25,9.148,5.705,5.811,6.522,5.861,5.475
2021-02-01,5.782,4.252,4.556,3.987,8.281,9.079,5.611,5.991,6.443,6.063,5.582
2021-03-01,5.762,4.377,4.648,4.042,8.383,9.134,5.78,6.088,6.412,6.229,5.625
2021-04-01,6.034,4.29,4.656,4.096,8.656,9.344,5.973,5.949,6.64,6.216,5.771
2021-05-01,6.225,4.495,4.703,4.101,9.12,9.892,5.952,6.381,6.737,6.512,5.822
2021-06-01,6.802,4.565,4.869,4.357,9.747,10.78,6.016,6.635,7.297,6.824,6.209
2021-07-01,6.731,4.521,4.846,4.388,9.67,10.538,6.081,6.7,7.183,6.749,6.1
2021-08-01,6.666,4.636,4.964,4.468,9.652,10.599,6.179,6.8,7.112,6.727,6.004
2021-09-01,6.874,4.786,5.051,4.504,9.912,11.01,6.146,7.457,7.282,7.133,6.276
2021-10-01,6.92,4.869,5.237,4.719,10.209,11.654,6.371,7.397,7.304,7.127,6.33
2021-11-01,7.159,4.81,5.261,4.716,10.228,11.508,6.27,7.272,7.404,7.161,6.426
2021-12-01,7.363,4.792,5.174,4.604,9.933,11.055,6.315,6.922,7.342,6.948,6.234
2022-01-01,6.806,4.765,5.17,4.554,9.825,10.826,6.519,6.83,7.378,6.845,6.158
2022-02-01,6.977,4.627,5.199,4.63,9.753,10.584,6.465,6.83,7.489,6.898,6.318
2022-03-01,7.16,4.87,5.342,4.757,9.786,10.658,6.476,6.989,7.324,6.971,6.295
2022-04-01,7.13,4.945,5.414,4.916,9.701,10.656,6.479,7.012,7.266,6.927,6.249
2022-05-01,7.023,4.894,5.332,4.794,9.69,10.447,6.546,7.031,7.438,6.934,6.305
2022-06-01,6.9,4.997,5.402,4.889,9.83,10.721,6.492,6.705,7.318,6.783,6.27
2022-07-01,7.015,5.075,5.426,4.893,9.709,10.57,6.58,6.911,7.131,6.742,6.121
2022-08-01,7.08,5.12,5.456,4.937,9.535,10.312,6.512,6.975,7.201,6.827,6.162
2022-09-01,6.982,4.89,5.332,4.862,9.592,10.543,6.624,6.98,7.184,6.832,6.249
2022-10-01,6.857,4.789,5.298,4.836,9.712,10.496,6.68,6.73,7.173,6.69,6.084
2022-11-01,6.58,4.728,5.206,4.853,9.541,10.268,6.227,6.782,7.159,6.667,6.049
2022-12-01,6.873,4.758,5.186,4.8,9.46,10.169,6.386,6.857,7.061,6.724,6.217
2023-01-01,6.773,4.644,5.171,4.791,9.582,10.313,6.393,6.862,7.272,6.765,6.222
2023-02-01,6.785,4.777,5.207,4.778,9.68,10.286,6.427,6.819,7.218,6.817,6.237
2023-03-01,6.762,4.753,5.194,4.813,9.81,10.284,6.354,6.727,7.179,6.765,6.221
2023-04-01,6.939,4.747,5.247,4.79,9.957,10.607,6.579,6.76,7.345,6.803,6.164
2023-05-01,6.756,4.953,5.355,4.96,10.223,10.753,6.697,7.042,7.511,7.064,6.393
2023-06-01,6.914,5.106,5.435,5.028,10.359,11.164,6.681,7.011,7.43,7.02,6.367
2023-07-01,7.21,5.253,5.537,5.102,10.633,11.507,6.851,7.299,7.664,7.203,6.625
2023-08-01,7.157,5.259,5.554,5.076,10.75,11.432,6.947,7.298,7.646,7.285,6.656
2023-09-01,7.23,5.185,5.57,5.109,10.771,11.626,6.884,7.177,7.774,7.251,6.613
2023-10-01,7.311,5.349,5.666,5.226,10.834,11.697,6.991,7.305,7.987,7.321,6.795
2023-11-01,7.16,5.201,5.643,5.353,10.482,11.533,6.731,7.612,7.862,7.482,6.846
2023-12-01,7.025,5.118,5.566,5.21,10.646,11.691,6.674,7.378,7.994,7.348,6.885
2024-01-01,7.001,5.093,5.475,5.03,10.686,11.637,6.778,7.255,8.106,7.268,6.737
2024-02-01,6.839,5.213,5.479,5.132,10.53,11.716,6.651,7.513,7.883,7.351,6.71
2024-03-01,6.991,5.421,5.522,5.132,10.594,11.537,6.734,7.362,8.031,7.395,6.974
2024-04-01,7.197,5.277,5.561,5.236,10.745,11.662,6.809,7.516,8.11,7.47,6.858
2024-05-01,7.229,5.331,5.603,5.148,10.734,11.558,6.847,7.531,8.247,7.47,6.987
2024-06-01,7.239,5.364,5.712,5.472,10.635,11.465,6.893,7.649,7.927,7.472,6.879
2024-07-01,7.145,5.47,5.799,5.497,10.856,11.726,7.169,7.781,8.059,7.638,7.121
2024-08-01,7.298,5.638,5.867,5.577,10.875,11.54,6.918,7.692,8.226,7.63,7.161
2024-09-01,7.217,5.576,5.917,5.67,10.882,11.787,7.223,7.596,8.148,7.582,7.244
2024-10-01,7.177,5.586,5.887,5.588,10.565,11.497,7.22,7.301,8.154,7.368,7.008
2024-11-01,7.432,5.605,5.874,5.628,10.673,12.014,6.977,7.578,8.159,7.598,7.141
2024-12-01,7.393,5.576,5.863,5.605,10.626,11.666,7.124,7.769,8.136,7.719,7.486
2025-01-01,7.318,5.495,5.82,5.545,10.905,11.965,7.11,7.694,8.28,7.718,7.27
2025-02-01,7.677,5.744,5.961,5.625,10.868,11.899,7.244,8.104,8.485,7.995,7.49
2025-03-01,7.601,5.854,6.137,5.79,10.98,11.924,7.476,8.097,8.554,7.992,7.557
2025-04-01,7.733,5.996,6.142,5.801,11.12,12.326,7.551,7.98,8.627,7.995,7.616
2025-05-01,7.729,6.018,6.245,5.981,11.032,12.207,7.688,7.875,8.401,7.939,7.57
2025-06-01,8.016,6.103,6.342,6.12,11.491,12.923,7.672,8.197,8.457,8.203,7.762
2025-07-01,8.188,6.338,6.504,6.254,11.875,13.554,8.035,8.439,8.69,8.397,7.909
2025-08-01,8.815,6.626,6.631,6.318,12.222,14.319,7.95,8.845,9.076,8.723,8.13
2025-09-01,8.68,6.326,6.643,6.323,12.262,14.135,8.182,9.232,9.36,9.04,8.506
2025-10-01,,,,,,,,,,,
2025-11-01,9.172,6.504,6.781,6.54,12.285,13.342,8.232,9.343,9.665,9.29,8.943
2025-12-01,8.63,6.521,6.821,6.687,12.512,14.027,8.254,8.951,9.875,9.033,8.853
2026-01-01,8.463,6.693,6.868,6.752,12.302,13.837,8.191,8.709,9.836,8.824,8.546
2026-02-01,8.358,6.703,6.895,6.739,12.739,14.191,8.338,8.957,10.095,8.926,8.587